dates,price
4/1/2013,93.55
4/2/2013,102.777
4/3/2013,143.663
4/4/2013,132.33
4/5/2013,138.051
4/6/2013,142.5
4/7/2013,144.188
4/8/2013,182
4/9/2013,194.01
4/10/2013,235.1
4/11/2013,180.094
4/12/2013,91.5
4/13/2013,119.332
4/14/2013,105.12
4/15/2013,99
4/16/2013,61.44
4/17/2013,76.631
4/18/2013,93
4/19/2013,130
4/20/2013,120.63
4/21/2013,122
4/22/2013,124.1
4/23/2013,127.242
4/24/2013,143.899
4/25/2013,157.251
4/26/2013,127
4/27/2013,136.5
4/28/2013,131.6
4/29/2013,136.61
4/30/2013,144.92
5/1/2013,132.52
5/2/2013,123.8
5/3/2013,93.605
5/4/2013,101.69
5/5/2013,108.004
5/6/2013,122.1
5/7/2013,108.45
5/8/2013,114.95
5/9/2013,112.68
5/10/2013,113.47
5/11/2013,114.88
5/12/2013,117
5/13/2013,115.86
5/14/2013,117.508
5/15/2013,112.7
5/16/2013,112
5/17/2013,113
5/18/2013,117.37
5/20/2013,118.3
5/21/2013,117.99
5/22/2013,118.2
5/23/2013,119.7
5/24/2013,123.8
5/25/2013,129.5
5/26/2013,128.5
5/27/2013,130.42
5/28/2013,125.62
5/29/2013,126.75
5/30/2013,129.78
5/31/2013,127.79
6/1/2013,127.99
6/2/2013,127.82
6/3/2013,117.61
6/4/2013,123.22
6/5/2013,119.62
6/6/2013,120.04
6/7/2013,117.48
6/8/2013,110.3
6/9/2013,99.06
6/10/2013,106
6/11/2013,107
6/12/2013,106.79
6/13/2013,107.91
6/14/2013,101.5
6/15/2013,98
6/16/2013,99.58
6/18/2013,101.58
6/19/2013,104.98
6/20/2013,106.4
6/21/2013,102.53
6/22/2013,100.24
6/23/2013,100.94
6/24/2013,101
6/25/2013,100.56
6/26/2013,98
6/27/2013,98.1
6/28/2013,92.85
6/29/2013,90.919
6/30/2013,88.67
7/1/2013,89.19
7/2/2013,84.84
7/3/2013,87.5
7/4/2013,76.15
7/5/2013,74.85
7/6/2013,68.79
7/7/2013,65.72
7/8/2013,73.5
7/9/2013,72.27
7/10/2013,76
7/11/2013,86.59
7/12/2013,95
7/13/2013,87.7
7/14/2013,91.33
7/15/2013,91
7/16/2013,92.75
7/17/2013,92.02
7/18/2013,79.56
7/19/2013,84.29
7/20/2013,86.3
7/21/2013,85.4
7/22/2013,86.4
7/23/2013,86.19
7/24/2013,86.76
7/25/2013,87.47
7/26/2013,89.59
7/27/2013,88.5
7/28/2013,88.3
7/29/2013,92.39
7/30/2013,93.68
7/31/2013,98.2
8/1/2013,97.21
8/2/2013,95.35
8/3/2013,96.51
8/4/2013,96.1
8/5/2013,96.67
8/6/2013,98.74
8/7/2013,97.39
8/8/2013,97
8/9/2013,94.01
8/10/2013,92.49
8/11/2013,93.55
8/12/2013,94
8/13/2013,95.23
8/14/2013,99.71
8/15/2013,99.02
8/16/2013,97.42
8/17/2013,98
8/18/2013,98.55
8/19/2013,102.9
8/20/2013,103.12
8/21/2013,106.42
8/22/2013,111
8/23/2013,107.96
8/24/2013,107.2
8/25/2013,109.76
8/26/2013,112.64
8/27/2013,117.75
8/28/2013,118
8/29/2013,117.91
8/30/2013,118.6
8/31/2013,125.89
9/1/2013,130.01
9/2/2013,129.03
9/3/2013,129.3
9/5/2013,122.29
9/6/2013,122.16
9/7/2013,118.11
9/8/2013,119.76
9/9/2013,117.37
9/10/2013,121.97
9/11/2013,119.9
9/12/2013,125.6
9/13/2013,127.45
9/14/2013,127.37
9/15/2013,124.77
9/16/2013,125.29
9/17/2013,125.73
9/18/2013,127.38
9/19/2013,127.47
9/20/2013,123.39
9/21/2013,123.38
9/22/2013,123.34
9/23/2013,123.57
9/24/2013,122.7
9/25/2013,124.5
9/27/2013,125.35
9/28/2013,126.47
9/29/2013,127.02
9/30/2013,125.9
10/1/2013,127.48
10/2/2013,126.95
10/3/2013,110.95
10/4/2013,119.5
10/5/2013,121.55
10/6/2013,122
10/7/2013,123.46
10/8/2013,123.37
10/9/2013,125.01
10/10/2013,125.9
10/11/2013,126.51
10/12/2013,127.59
10/13/2013,127.95
10/14/2013,134.35
10/15/2013,135
10/16/2013,145.9
10/17/2013,141.17
10/18/2013,144.2
10/19/2013,159.85
10/20/2013,165.98
10/21/2013,172.76
10/22/2013,189.95
10/23/2013,192
10/24/2013,161.99
10/25/2013,186
10/26/2013,184.1
10/28/2013,194.79
10/29/2013,196.49
10/30/2013,200.56
10/31/2013,199.9
11/1/2013,202.05
11/2/2013,204
11/3/2013,204.39
11/4/2013,214
11/5/2013,229.2
11/6/2013,254.49
11/7/2013,280.8
11/8/2013,306.84
11/9/2013,329
11/10/2013,316.36
11/11/2013,329.69
11/12/2013,346.09
11/13/2013,368
11/14/2013,413.25
11/15/2013,416.89
11/16/2013,427.48
11/17/2013,468.98
11/18/2013,532
11/19/2013,646.95
11/20/2013,488.5
11/21/2013,638.04
11/22/2013,717
11/23/2013,873.97
11/24/2013,811.99
11/25/2013,816.03
11/26/2013,848.7
11/27/2013,920
11/28/2013,974
11/29/2013,1016.012
11/30/2013,1149.99
12/1/2013,1077
12/2/2013,1039
12/3/2013,1030.919
12/4/2013,1071.04
12/5/2013,949.99
12/6/2013,994.34
12/7/2013,651.439
12/8/2013,773
12/9/2013,875
12/10/2013,932.99
12/11/2013,938.01
12/12/2013,860.01
12/13/2013,907.71
12/14/2013,862.01
12/15/2013,832.99
12/16/2013,839.929
12/17/2013,719.97
12/18/2013,490.991
12/19/2013,589.471
12/20/2013,697.99
12/21/2013,613.98
12/22/2013,655.85
12/23/2013,636.98
12/24/2013,651.8
12/25/2013,656.188
12/26/2013,710.49
12/27/2013,723.558
12/28/2013,719
12/29/2013,712.47
12/30/2013,729.79
12/31/2013,723
1/1/2014,744.97
1/2/2014,746
1/3/2014,790.6
1/4/2014,813.12
1/5/2014,841.27
1/6/2014,969.01
1/7/2014,907
1/8/2014,820
1/9/2014,843.98
1/10/2014,820
1/11/2014,868.31
1/12/2014,879.8
1/13/2014,821.54
1/14/2014,832.2
1/15/2014,834.2
1/16/2014,842.5
1/17/2014,813.99
1/18/2014,809.22
1/19/2014,804
1/20/2014,836
1/21/2014,819.6
1/22/2014,821.35
1/23/2014,818
1/24/2014,783
1/25/2014,792
1/26/2014,799
1/27/2014,818.85
1/28/2014,760.99
1/29/2014,794
1/30/2014,776.28
1/31/2014,808.76
2/1/2014,805.6
2/2/2014,826
2/3/2014,807.2
2/4/2014,809.2
2/5/2014,801.11
2/6/2014,775
2/7/2014,673.478
2/8/2014,721.68
2/9/2014,689.9
2/10/2014,686.17
2/11/2014,712.02
2/12/2014,645.01
2/13/2014,645.975
2/14/2014,597
2/15/2014,658
2/16/2014,653.01
2/17/2014,632.4
2/18/2014,638.87
2/19/2014,624.8
2/20/2014,601.8
2/21/2014,582
2/22/2014,576
2/23/2014,624.01
2/24/2014,576.12
2/25/2014,480
2/26/2014,601
2/27/2014,577.836
2/28/2014,576.676
3/1/2014,564.99
3/2/2014,569.89
3/3/2014,588
3/4/2014,678
3/5/2014,652
3/6/2014,665.1
3/7/2014,650.82
3/8/2014,624
3/9/2014,618.235
3/10/2014,639.31
3/11/2014,627.69
3/12/2014,636.62
3/13/2014,641.4
3/14/2014,637.39
3/15/2014,631
3/16/2014,637.6
3/17/2014,630
3/18/2014,613.31
3/19/2014,614.44
3/20/2014,603.45
3/21/2014,595
3/22/2014,563.2
3/23/2014,561.1
3/24/2014,551
3/25/2014,577.7
3/26/2014,569.94
3/27/2014,561.51
3/28/2014,512
3/29/2014,497.5
3/30/2014,479.94
3/31/2014,449.99
4/1/2014,481
4/2/2014,478.4
4/3/2014,418.88
4/4/2014,450
4/5/2014,448.499
4/6/2014,459.334
4/7/2014,457.794
4/8/2014,455.77
4/9/2014,452.99
4/10/2014,409.19
4/11/2014,398.06
4/12/2014,423.88
4/13/2014,423.3
4/14/2014,444
4/15/2014,489.9
4/16/2014,545
4/17/2014,510.39
4/18/2014,497.14
4/19/2014,495.02
4/20/2014,513.49
4/21/2014,509.21
4/22/2014,497.98
4/23/2014,490.99
4/24/2014,484
4/25/2014,458.99
4/26/2014,453
4/27/2014,457.22
4/28/2014,428.5
4/29/2014,447.5
4/30/2014,437.02
5/1/2014,457
5/2/2014,448
5/3/2014,443
5/4/2014,431.212
5/5/2014,428.57
5/6/2014,427.03
5/7/2014,428.96
5/8/2014,449.83
5/9/2014,444
5/10/2014,453.5
5/11/2014,447
5/12/2014,437
5/13/2014,437.49
5/14/2014,442.37
5/15/2014,446.8
5/16/2014,447
5/17/2014,448.3
5/18/2014,447.49
5/19/2014,446.3
5/20/2014,461.88
5/21/2014,496.87
5/22/2014,519.99
5/23/2014,532.02
5/24/2014,527
5/25/2014,575
5/26/2014,590.5
5/27/2014,571.5
5/28/2014,578.49
5/29/2014,568.32
5/30/2014,572.3
5/31/2014,625.4
6/1/2014,641.99
6/2/2014,626.2
6/3/2014,662.93
6/4/2014,638.4
6/5/2014,646
6/6/2014,658.6
6/7/2014,653.9
6/8/2014,655.12
6/9/2014,649.72
6/10/2014,666.1
6/11/2014,652.1
6/12/2014,640.01
6/13/2014,617.94
6/14/2014,592.83
6/15/2014,559.08
6/16/2014,597.5
6/17/2014,595.4
6/18/2014,611.05
6/19/2014,607.9
6/20/2014,588.14
6/21/2014,584.9
6/22/2014,606
6/23/2014,588.96
6/24/2014,590.83
6/25/2014,567.63
6/26/2014,572.64
6/27/2014,579.79
6/28/2014,595.89
6/29/2014,598.73
6/30/2014,626.8
7/1/2014,658
7/2/2014,646.64
7/3/2014,650.39
7/4/2014,642.1
7/5/2014,631.5
7/6/2014,636.27
7/7/2014,635.85
7/8/2014,618.79
7/9/2014,621.9
7/10/2014,615.15
7/11/2014,615.87
7/12/2014,635.85
7/13/2014,631.4
7/14/2014,621.79
7/15/2014,622.05
7/16/2014,618
7/17/2014,614.52
7/18/2014,620.13
7/19/2014,627.5
7/20/2014,624
7/21/2014,618.8
7/22/2014,620.3
7/23/2014,619.25
7/24/2014,617.85
7/25/2014,596.68
7/26/2014,593.02
7/27/2014,595.32
7/28/2014,578.5
7/29/2014,585.42
7/30/2014,578.5
7/31/2014,570.13
8/1/2014,582.45
8/2/2014,590.5
8/3/2014,579.37
8/4/2014,584.13
8/5/2014,583.65
8/6/2014,579.8
8/7/2014,580.47
8/8/2014,592.2
8/9/2014,587.78
8/10/2014,584.42
8/11/2014,585.99
8/12/2014,571
8/13/2014,555.72
8/14/2014,481.476
8/15/2014,515.65
8/16/2014,491.17
8/17/2014,510.99
8/18/2014,491.68
8/19/2014,474.1
8/20/2014,470
8/21/2014,521
8/22/2014,507.73
8/23/2014,506.83
8/24/2014,503
8/25/2014,497.59
8/26/2014,501.24
8/27/2014,518.08
8/28/2014,511.52
8/29/2014,502.69
8/30/2014,497.8
8/31/2014,488.67
9/1/2014,477.39
9/2/2014,470.09
9/3/2014,475.3
9/4/2014,477.62
9/5/2014,488.2
9/6/2014,481.3
9/7/2014,486.93
9/8/2014,469.37
9/9/2014,466.58
9/10/2014,477.45
9/11/2014,474.82
9/12/2014,475
9/13/2014,476.52
9/14/2014,477.43
9/15/2014,477.73
9/16/2014,472.3
9/17/2014,462.1
9/18/2014,453.89
9/19/2014,408.83
9/20/2014,415.21
9/21/2014,400.73
9/22/2014,402.83
9/23/2014,401.98
9/24/2014,422.8
9/25/2014,410.92
9/26/2014,404.54
9/27/2014,404.86
9/28/2014,398.67
9/29/2014,373.97
9/30/2014,375.97
10/1/2014,385.92
10/2/2014,375.34
10/3/2014,373.37
10/4/2014,358.93
10/5/2014,325.1
10/6/2014,326.59
10/7/2014,326.99
10/8/2014,331.96
10/9/2014,357.63
10/10/2014,367.72
10/11/2014,360.35
10/12/2014,358.34
10/13/2014,376.69
10/14/2014,402.75
10/15/2014,395.07
10/16/2014,393.67
10/17/2014,383.35
10/18/2014,378.61
10/19/2014,391.11
10/20/2014,376.97
10/21/2014,381
10/22/2014,384.32
10/23/2014,368.62
10/24/2014,359.71
10/25/2014,349.03
10/26/2014,356.79
10/27/2014,349.57
10/28/2014,353.58
10/29/2014,351.64
10/30/2014,336.9
10/31/2014,343.27
11/1/2014,329
11/2/2014,322.56
11/3/2014,327.4
11/4/2014,324.35
11/5/2014,334.55
11/6/2014,338.88
11/7/2014,345.69
11/8/2014,343.3
11/9/2014,348.8
11/10/2014,360.09
11/11/2014,365.78
11/12/2014,379.3
11/13/2014,443.42
11/14/2014,388
11/15/2014,395.45
11/16/2014,390
11/17/2014,410.9
11/18/2014,383.27
11/19/2014,383.6
11/20/2014,360.81
11/21/2014,353.71
11/22/2014,356.66
11/23/2014,354.9
11/24/2014,375.21
11/25/2014,394.61
11/26/2014,368.49
11/27/2014,372.46
11/28/2014,361.75
11/29/2014,379.79
11/30/2014,379.17
12/1/2014,381.56
12/2/2014,382.87
12/3/2014,376.7
12/4/2014,377.03
12/5/2014,374.46
12/6/2014,374.47
12/7/2014,377.36
12/8/2014,364.77
12/9/2014,347.7
12/10/2014,349.93
12/11/2014,359.23
12/12/2014,351.5
12/13/2014,345
12/14/2014,346.9
12/15/2014,349.3
12/16/2014,333.33
12/17/2014,323.48
12/18/2014,308.8
12/19/2014,312.9
12/20/2014,324.48
12/21/2014,321.08
12/22/2014,330.6
12/23/2014,331.28
12/24/2014,329.8
12/25/2014,318.9
12/26/2014,321.97
12/27/2014,321.6
12/28/2014,315.31
12/29/2014,314.5
12/30/2014,313.54
12/31/2014,313
1/1/2015,315.48
1/2/2015,315.38
1/3/2015,306.8
1/4/2015,285.04
1/5/2015,277.55
1/6/2015,276.7
1/7/2015,287.71
1/8/2015,290.41
1/9/2015,283.19
1/10/2015,276.72
1/11/2015,277
1/12/2015,269.8
1/13/2015,247.89
1/14/2015,203.02
1/15/2015,201.83
1/16/2015,216.15
1/17/2015,198.72
1/18/2015,209.87
1/19/2015,208.37
1/20/2015,210
1/21/2015,214.19
1/22/2015,231.98
1/23/2015,226
1/24/2015,234.02
1/25/2015,247.23
1/26/2015,308.92
1/27/2015,260.48
1/28/2015,259.61
1/29/2015,232.99
1/30/2015,236.24
1/31/2015,231.95
2/1/2015,216.13
2/2/2015,224.81
2/3/2015,244
2/4/2015,224.6
2/5/2015,224.6
2/6/2015,218.5
2/7/2015,224.06
2/8/2015,229.57
2/9/2015,224.56
2/10/2015,217
2/11/2015,221.01
2/12/2015,219.01
2/13/2015,231.01
2/14/2015,248.78
2/15/2015,260.07
2/16/2015,234.78
2/17/2015,238.82
2/18/2015,241.08
2/19/2015,236.48
2/20/2015,247.36
2/21/2015,245.9
2/22/2015,245.93
2/23/2015,236
2/24/2015,238.24
2/25/2015,236.64
2/26/2015,235.8
2/27/2015,251.85
2/28/2015,252.95
3/1/2015,254.74
3/2/2015,261.55
3/3/2015,276.58
3/4/2015,279.68
3/5/2015,272
3/6/2015,272.02
3/7/2015,272.86
3/8/2015,278.45
3/9/2015,280.31
3/10/2015,293.5
3/11/2015,292.28
3/12/2015,293.28
3/13/2015,290.51
3/14/2015,284.52
3/15/2015,285.3
3/16/2015,292.43
3/17/2015,292.01
3/18/2015,282.7
3/19/2015,262.05
3/20/2015,263.08
3/21/2015,257.33
3/22/2015,260.7
3/23/2015,269.36
3/24/2015,265.29
3/25/2015,237.54
3/26/2015,249.51
3/27/2015,249
3/28/2015,252.55
3/29/2015,247.81
3/30/2015,245.24
3/31/2015,248.26
4/1/2015,242.85
4/2/2015,245.59
4/3/2015,252.92
4/4/2015,252.1
4/5/2015,252
4/6/2015,257.57
4/7/2015,255.51
4/8/2015,254.1
4/9/2015,241
4/10/2015,240.43
4/11/2015,234.8
4/12/2015,236.5
4/13/2015,235.38
4/14/2015,219.8
4/15/2015,222.21
4/16/2015,226.6
4/17/2015,225.4
4/18/2015,223.44
4/19/2015,224.94
4/20/2015,223.67
4/21/2015,225.3
4/22/2015,235.07
4/23/2015,234.46
4/24/2015,230.35
4/25/2015,227.79
4/26/2015,218.59
4/27/2015,220.88
4/28/2015,225.99
4/29/2015,223.83
4/30/2015,231
5/1/2015,237.05
5/2/2015,232.59
5/3/2015,241.5
5/4/2015,240.85
5/5/2015,234.4
5/6/2015,235.16
5/7/2015,229.47
5/8/2015,237.87
5/9/2015,248.7
5/10/2015,241.7
5/11/2015,240.09
5/12/2015,242.29
5/13/2015,243.79
5/14/2015,235.98
5/15/2015,236.61
5/16/2015,237
5/17/2015,236.51
5/18/2015,236.01
5/19/2015,233.77
5/20/2015,232.05
5/21/2015,235.7
5/22/2015,236.86
5/23/2015,240.36
5/24/2015,239.24
5/25/2015,240.96
5/26/2015,237.01
5/27/2015,238.7
5/28/2015,236.74
5/29/2015,235.59
5/30/2015,235.6
5/31/2015,232.51
6/1/2015,230.84
6/2/2015,222
6/3/2015,222.88
6/4/2015,225.12
6/5/2015,222.9
6/6/2015,224.79
6/7/2015,225.95
6/8/2015,224.97
6/9/2015,231.33
6/10/2015,228.63
6/11/2015,230.38
6/12/2015,230.07
6/13/2015,229.56
6/14/2015,234.9
6/15/2015,235.15
6/16/2015,238.95
6/17/2015,252.35
6/18/2015,245.71
6/19/2015,249.6
6/20/2015,241.33
6/21/2015,244.33
6/22/2015,244.51
6/23/2015,245.32
6/24/2015,243.55
6/25/2015,241.81
6/26/2015,242.37
6/27/2015,243.53
6/28/2015,249.95
6/29/2015,250.23
6/30/2015,263.9
7/1/2015,260.84
7/2/2015,256.23
7/3/2015,253.56
7/4/2015,254.32
7/5/2015,259.44
7/6/2015,272.7
7/7/2015,265.93
7/8/2015,269.1
7/9/2015,270.48
7/10/2015,271.04
7/11/2015,288.77
7/12/2015,299.76
7/13/2015,286.3
7/14/2015,288.17
7/15/2015,290.81
7/16/2015,285.51
7/17/2015,274.19
7/18/2015,278.78
7/19/2015,277.55
7/20/2015,277.1
7/21/2015,279.5
7/22/2015,276.97
7/23/2015,277.95
7/24/2015,278.28
7/25/2015,289.16
7/26/2015,288.87
7/27/2015,287.78
7/28/2015,295.87
7/29/2015,290.22
7/30/2015,289.68
7/31/2015,283.1
8/1/2015,278.6
8/2/2015,277.97
8/3/2015,283.47
8/4/2015,283.79
8/5/2015,283.52
8/6/2015,279.99
8/7/2015,276.84
8/8/2015,278.07
8/9/2015,261.97
8/10/2015,265.19
8/11/2015,265.71
8/12/2015,268.71
8/13/2015,263.34
8/14/2015,266.12
8/15/2015,266.49
8/16/2015,256.75
8/17/2015,259.6
8/18/2015,257.99
8/19/2015,235.99
8/20/2015,232.95
8/21/2015,236.24
8/22/2015,231.72
8/23/2015,230.11
8/25/2015,212.79
8/26/2015,224.2
8/27/2015,226.67
8/28/2015,228.32
8/29/2015,232.49
8/30/2015,229.84
8/31/2015,227.38
9/1/2015,228.95
9/2/2015,228
9/3/2015,228.01
9/4/2015,230.41
9/5/2015,230.49
9/6/2015,239.53
9/7/2015,241.49
9/8/2015,245
9/9/2015,241.1
9/10/2015,238.52
9/11/2015,241.47
9/12/2015,240.82
9/13/2015,235.45
9/14/2015,230.04
9/15/2015,231.16
9/16/2015,231.07
9/17/2015,229.76
9/18/2015,234.37
9/19/2015,233.69
9/20/2015,232.9
9/21/2015,227.76
9/22/2015,225.46
9/23/2015,231.57
9/24/2015,232.47
9/25/2015,236.78
9/26/2015,234.48
9/27/2015,234.53
9/28/2015,239
9/29/2015,239.86
9/30/2015,236.57
10/1/2015,236.39
10/2/2015,239.1
10/3/2015,238.28
10/4/2015,239.9
10/5/2015,238.6
10/6/2015,242
10/7/2015,246.99
10/8/2015,245.14
10/9/2015,244
10/10/2015,244.36
10/11/2015,245.79
10/12/2015,247.9
10/13/2015,247.99
10/14/2015,252.28
10/15/2015,253.5
10/16/2015,257.27
10/17/2015,269.92
10/18/2015,272.06
10/19/2015,264.49
10/20/2015,268.35
10/21/2015,268.95
10/22/2015,270.28
10/23/2015,278.97
10/24/2015,280.01
10/25/2015,289.98
10/26/2015,285.95
10/27/2015,288.47
10/28/2015,300.12
10/29/2015,307.49
10/30/2015,333.79
10/31/2015,328
11/1/2015,320.25
11/2/2015,333.13
11/3/2015,372.93
11/4/2015,436.19
11/5/2015,379.46
11/6/2015,366.75
11/7/2015,382.88
11/8/2015,383.66
11/9/2015,369.95
11/10/2015,378.59
11/11/2015,321.15
11/12/2015,335.29
11/13/2015,326.65
11/14/2015,335.03
11/15/2015,335.5
11/16/2015,320.18
11/17/2015,332.89
11/18/2015,332.7
11/19/2015,334.77
11/20/2015,318.54
11/21/2015,327.15
11/22/2015,326.67
11/23/2015,322.11
11/24/2015,321.67
11/25/2015,319.24
11/26/2015,342.17
11/27/2015,360.01
11/28/2015,358.1
11/29/2015,357.43
11/30/2015,381.22
12/1/2015,363.75
12/2/2015,354
12/3/2015,361.69
12/4/2015,359.7
12/5/2015,371.64
12/6/2015,397.91
12/7/2015,392.2
12/8/2015,397
12/9/2015,421.05
12/10/2015,415.76
12/11/2015,436.97
12/12/2015,422.65
12/13/2015,436.8
12/14/2015,439.11
12/15/2015,458.47
12/16/2015,456.57
12/17/2015,455.12
12/18/2015,458.7
12/19/2015,463.65
12/20/2015,460.5
12/21/2015,434.84
12/22/2015,441.33
12/23/2015,438.51
12/24/2015,457.64
12/25/2015,452.77
12/26/2015,436.39
12/27/2015,415.01
12/28/2015,428
12/29/2015,419.55
12/30/2015,431.02
12/31/2015,418.95
1/1/2016,432.98
1/2/2016,431.85
1/3/2016,429.59
1/4/2016,431.18
1/5/2016,431.61
1/6/2016,429.85
1/7/2016,450.99
1/8/2016,455.73
1/9/2016,451.65
1/10/2016,444.67
1/11/2016,445.59
1/12/2016,447.13
1/13/2016,430.62
1/14/2016,429.6
1/15/2016,407.98
1/16/2016,357.02
1/17/2016,384.46
1/18/2016,382.78
1/19/2016,385.36
1/20/2016,380.25
1/21/2016,416.3
1/22/2016,399.55
1/23/2016,386.46
1/24/2016,386.81
1/25/2016,399.39
1/26/2016,392.6
1/27/2016,395.09
1/28/2016,382.6
1/29/2016,371.82
1/30/2016,377.89
1/31/2016,377.79
2/1/2016,372.13
2/2/2016,372.7
2/3/2016,373.13
2/4/2016,372.11
2/5/2016,388.81
2/6/2016,373.89
2/7/2016,373.5
2/8/2016,376.05
2/9/2016,371.54
2/10/2016,378.47
2/11/2016,379.1
2/12/2016,380.02
2/13/2016,388.11
2/14/2016,400
2/15/2016,403.98
2/16/2016,401
2/17/2016,416
2/18/2016,422.62
2/19/2016,418.21
2/20/2016,425.17
2/21/2016,448.24
2/22/2016,437.27
2/23/2016,425.07
2/24/2016,416.03
2/25/2016,425.56
2/26/2016,426.21
2/27/2016,435
2/28/2016,427.2
2/29/2016,439.21
3/1/2016,432.87
3/2/2016,431.34
3/3/2016,422.35
3/4/2016,420.51
3/5/2016,406.93
3/6/2016,399.77
3/7/2016,405.68
3/8/2016,411.77
3/9/2016,408.73
3/10/2016,411.7
3/11/2016,420.37
3/12/2016,413.19
3/13/2016,412.07
3/14/2016,413.74
3/15/2016,416.92
3/16/2016,413.96
3/17/2016,417.66
3/18/2016,415.59
3/19/2016,408.34
3/20/2016,409.99
3/21/2016,408.13
3/22/2016,417.08
3/23/2016,416.01
3/24/2016,415.5
3/25/2016,416.42
3/26/2016,417.42
3/27/2016,416.9
3/28/2016,426.33
3/29/2016,424.1
3/30/2016,412.9
3/31/2016,416.11
4/1/2016,416.02
4/2/2016,420.48
4/3/2016,418.78
4/4/2016,420
4/5/2016,421.83
4/6/2016,423.3
4/7/2016,421.23
4/8/2016,423.49
4/9/2016,416.83
4/10/2016,417.98
4/11/2016,420.93
4/12/2016,426.29
4/13/2016,425.5
4/14/2016,424.05
4/15/2016,426.87
4/16/2016,435.48
4/17/2016,431.26
4/18/2016,430.22
4/19/2016,429.55
4/20/2016,438.41
4/21/2016,444.48
4/22/2016,448.28
4/23/2016,446.99
4/24/2016,457.37
4/25/2016,460.94
4/26/2016,466.84
4/27/2016,468.09
4/28/2016,444.35
4/29/2016,448.83
4/30/2016,454.09
5/1/2016,448.68
5/2/2016,448.51
5/3/2016,447.98
5/4/2016,450.18
5/5/2016,448.16
5/6/2016,452.01
5/7/2016,460.5
5/8/2016,460.07
5/9/2016,457.99
5/10/2016,461.59
5/11/2016,453.53
5/12/2016,448.9
5/13/2016,452.79
5/14/2016,455.95
5/15/2016,455.96
5/16/2016,457.08
5/17/2016,453.46
5/18/2016,454.68
5/19/2016,453.86
5/20/2016,441.74
5/21/2016,439.43
5/22/2016,440.25
5/23/2016,439.5
5/24/2016,443.4
5/25/2016,447.49
5/26/2016,449.79
5/27/2016,476.89
5/28/2016,498.09
5/29/2016,522.6
5/30/2016,535.01
5/31/2016,542.5
6/1/2016,532.12
6/2/2016,534.48
6/3/2016,539
6/4/2016,581.64
6/5/2016,575.11
6/6/2016,586.99
6/7/2016,584.99
6/8/2016,574.96
6/9/2016,577.99
6/10/2016,576.16
6/11/2016,585.68
6/12/2016,629.7
6/13/2016,684.62
6/14/2016,691.73
6/15/2016,678.44
6/16/2016,736.93
6/17/2016,738.4
6/18/2016,744.24
6/19/2016,754.7
6/20/2016,763.14
6/21/2016,710.13
6/22/2016,675.06
6/23/2016,591.38
6/24/2016,667.75
6/25/2016,687.34
6/26/2016,654
6/27/2016,649.5
6/28/2016,646.51
6/29/2016,635
6/30/2016,639.41
7/1/2016,676.26
7/2/2016,678
7/3/2016,682.02
7/4/2016,672
7/5/2016,674.06
7/6/2016,671.38
7/7/2016,637.65
7/8/2016,641.99
7/9/2016,655.42
7/10/2016,645.18
7/11/2016,648.3
7/12/2016,647.48
7/13/2016,667.79
7/14/2016,653.91
7/15/2016,663.88
7/16/2016,666.85
7/17/2016,669.09
7/18/2016,683.72
7/19/2016,673.74
7/20/2016,672.48
7/21/2016,662.25
7/22/2016,666.05
7/23/2016,648.67
7/24/2016,654.54
7/25/2016,653.78
7/26/2016,646
7/27/2016,654.43
7/28/2016,656.16
7/29/2016,655.78
7/30/2016,656.16
7/31/2016,637.41
8/1/2016,623.2
8/2/2016,605.93
8/11/2016,591.43
8/12/2016,592.01
8/13/2016,589.78
8/14/2016,581.7
8/15/2016,571.25
8/16/2016,566
8/17/2016,574.81
8/18/2016,570.86
8/19/2016,571.86
8/20/2016,573.41
8/21/2016,583.5
8/22/2016,582.9
8/23/2016,588.23
8/24/2016,582.92
8/25/2016,575.85
8/26/2016,578.91
8/27/2016,575.68
8/28/2016,571.66
8/29/2016,575.11
8/30/2016,580
8/31/2016,575.15
9/1/2016,573.15
9/2/2016,573.07
9/3/2016,577.91
9/4/2016,606.85
9/5/2016,612.26
9/6/2016,612.66
9/7/2016,612.85
9/8/2016,620.81
9/9/2016,624.51
9/10/2016,627.99
9/11/2016,626.99
9/12/2016,612.1
9/13/2016,612.97
9/14/2016,612.07
9/15/2016,613.43
9/16/2016,611.71
9/17/2016,610.21
9/18/2016,607.44
9/19/2016,610.49
9/20/2016,611.03
9/21/2016,599.89
9/22/2016,596.95
9/23/2016,597.65
9/24/2016,605.63
9/25/2016,601.98
9/26/2016,601.5
9/27/2016,606.99
9/28/2016,604.68
9/29/2016,604.36
9/30/2016,605.55
10/1/2016,612.71
10/2/2016,611
10/3/2016,611.6
10/4/2016,611.99
10/5/2016,611.1
10/6/2016,613.68
10/7/2016,617.61
10/8/2016,620.09
10/9/2016,618.69
10/10/2016,619.31
10/11/2016,635.37
10/12/2016,639.98
10/13/2016,639.82
10/14/2016,638.68
10/15/2016,643.74
10/16/2016,642.83
10/17/2016,641.9
10/18/2016,641
10/19/2016,640.72
10/20/2016,631.62
10/21/2016,634.6
10/22/2016,640.82
10/23/2016,662.54
10/24/2016,655.7
10/25/2016,659.46
10/26/2016,664
10/27/2016,688.62
10/28/2016,686.05
10/29/2016,705.79
10/30/2016,712.12
10/31/2016,703.52
11/1/2016,725.54
11/2/2016,732.97
11/3/2016,737.31
11/4/2016,705.22
11/5/2016,705.66
11/6/2016,718.19
11/7/2016,708.2
11/8/2016,703.01
11/9/2016,738.3
11/10/2016,720.07
11/11/2016,716.02
11/12/2016,713.05
11/13/2016,696.02
11/14/2016,708.33
11/15/2016,713.99
11/16/2016,714.85
11/17/2016,749.95
11/18/2016,745.98
11/19/2016,744.63
11/20/2016,754.51
11/21/2016,734.76
11/22/2016,740.39
11/23/2016,740.43
11/24/2016,740.05
11/25/2016,730.19
11/26/2016,737.81
11/27/2016,730.33
11/28/2016,730.57
11/29/2016,731.76
11/30/2016,740
12/1/2016,748.89
12/2/2016,773.5
12/3/2016,760.96
12/4/2016,764.08
12/5/2016,755.68
12/6/2016,754.66
12/7/2016,753.66
12/8/2016,767.04
12/9/2016,770.22
12/10/2016,774.59
12/11/2016,766.96
12/12/2016,771.28
12/13/2016,777.87
12/14/2016,779.34
12/15/2016,777.02
12/16/2016,780.11
12/17/2016,789.97
12/18/2016,790.1
12/19/2016,790.19
12/20/2016,791.24
12/21/2016,808.14
12/22/2016,863.97
12/23/2016,900.01
12/24/2016,895
12/25/2016,867.5
12/26/2016,901.92
12/27/2016,913.11
12/28/2016,964
12/29/2016,977.69
12/30/2016,945.39
12/31/2016,958.69
1/1/2017,968.18
1/2/2017,1010.28
1/3/2017,1027.9
1/4/2017,1046.41
1/5/2017,1145
1/6/2017,981.21
1/7/2017,842
1/8/2017,932.16
1/9/2017,898.8
1/10/2017,908.54
1/11/2017,912.54
1/12/2017,779.17
1/13/2017,800.5
1/14/2017,818.58
1/15/2017,817.21
1/16/2017,834.986
1/17/2017,850.95
1/18/2017,891.62
1/19/2017,887.15
1/20/2017,897.24
1/21/2017,923.75
1/22/2017,937.95
1/23/2017,923.65
1/24/2017,910.91
1/25/2017,899.78
1/26/2017,902.499
1/27/2017,909.47
1/28/2017,923.67
1/29/2017,924.55
1/30/2017,919.3
1/31/2017,919.91
2/1/2017,969.51
2/2/2017,980.16
2/3/2017,1016.7
2/4/2017,1007.9
2/5/2017,1033.02
2/6/2017,1014.2
2/7/2017,1025.8
2/8/2017,1067.42
2/9/2017,1068.96
2/10/2017,976
2/11/2017,994.34
2/12/2017,1013.13
2/13/2017,1003.5
2/14/2017,996.79
2/15/2017,1006.07
2/16/2017,1020.47
2/17/2017,1038.2
2/18/2017,1059.937
2/19/2017,1057.41
2/20/2017,1046.72
2/21/2017,1087.42
2/22/2017,1125.29
2/23/2017,1128.18
2/24/2017,1199.99
2/25/2017,1188
2/26/2017,1139.94
2/27/2017,1194.18
2/28/2017,1192
3/1/2017,1191.9
3/2/2017,1219
3/3/2017,1279.96
3/4/2017,1279.98
3/5/2017,1261.2
3/6/2017,1270.47
3/7/2017,1286.42
3/8/2017,1209.97
3/9/2017,1156.5
3/10/2017,1198.9
3/11/2017,1150.99
3/12/2017,1178.38
3/13/2017,1239.49
3/14/2017,1247.93
3/15/2017,1247.32
3/16/2017,1249.82
3/17/2017,1122.4
3/18/2017,1053.7
3/19/2017,984.316
3/20/2017,1035.52
3/21/2017,1064.33
3/22/2017,1082.2
3/23/2017,1033.33
3/24/2017,1016.1
3/25/2017,925.07
3/26/2017,970
3/27/2017,972.17
3/28/2017,1038.38
3/29/2017,1009.96
3/30/2017,1044.54
3/31/2017,1056.86
4/1/2017,1080.7
4/2/2017,1085.99
4/3/2017,1157.46
4/4/2017,1148.84
4/5/2017,1140
4/6/2017,1152.3
4/7/2017,1178.92
4/8/2017,1196.84
4/9/2017,1186.4
4/10/2017,1218
4/11/2017,1203.37
4/12/2017,1226.08
4/13/2017,1213.19
4/14/2017,1182.93
4/15/2017,1206.8
4/16/2017,1187.94
4/17/2017,1177.98
4/18/2017,1250.6
4/19/2017,1204.6
4/20/2017,1217.75
4/21/2017,1243.06
4/22/2017,1249.74
4/23/2017,1238.73
4/24/2017,1253.22
4/25/2017,1266.52
4/26/2017,1283.99
4/27/2017,1305.99
4/28/2017,1362.79
4/29/2017,1415.5
4/30/2017,1346.25
5/1/2017,1357.556
5/2/2017,1443.41
5/3/2017,1575
5/4/2017,1554.56
5/5/2017,1560.96
5/6/2017,1578.9
5/7/2017,1601.69
5/8/2017,1649.8
5/9/2017,1712
5/10/2017,1696.12
5/11/2017,1795.5
5/12/2017,1799.1
5/13/2017,1657.98
5/14/2017,1802.97
5/15/2017,1788.65
5/16/2017,1729.9
5/17/2017,1841.1
5/18/2017,1807.12
5/19/2017,1918.88
5/20/2017,1987.2
5/21/2017,2069.06
5/22/2017,2104.77
5/23/2017,2169.99
5/24/2017,2309.08
5/25/2017,2500.375
5/26/2017,2470.04
5/27/2017,2048.1
5/28/2017,1885.83
5/29/2017,2212.51
5/30/2017,2313.77
5/31/2017,2188.03
6/1/2017,2378.89
6/2/2017,2443.06
6/3/2017,2470.82
6/4/2017,2423.2
6/5/2017,2586.16
6/6/2017,2811.59
6/7/2017,2857.62
6/8/2017,2728.76
6/9/2017,2805
6/10/2017,2827.43
6/11/2017,2813.5
6/12/2017,2934.765
6/13/2017,2689.31
6/14/2017,2752.594
6/15/2017,2474.62
6/16/2017,2381.02
6/17/2017,2475.29
6/18/2017,2621.2
6/19/2017,2558.99
6/20/2017,2592.99
6/21/2017,2739.9
6/22/2017,2635
6/23/2017,2720
6/24/2017,2699.21
6/25/2017,2544.15
6/26/2017,2549.2
6/27/2017,2446.439
6/28/2017,2528.36
6/29/2017,2568.65
6/30/2017,2535
7/1/2017,2424
7/2/2017,2386.002
7/3/2017,2474.691
7/4/2017,2604.8
7/5/2017,2557.357
7/6/2017,2601
7/7/2017,2594.541
7/8/2017,2493.64
7/9/2017,2558.97
7/10/2017,2477.7
7/11/2017,2331.18
7/12/2017,2254.513
7/13/2017,2410
7/14/2017,2290.9
7/15/2017,2094.15
7/16/2017,2026.4
7/17/2017,1954.22
7/18/2017,2156.7
7/19/2017,2338
7/20/2017,2330.4
7/21/2017,2718.61
7/22/2017,2713
7/23/2017,2819.5
7/24/2017,2763
7/25/2017,2750.85
7/26/2017,2512.11
7/27/2017,2545.011
7/28/2017,2693.18
7/29/2017,2701.79
7/30/2017,2706.5
7/31/2017,2712.3
8/1/2017,2860
8/2/2017,2737.4
8/3/2017,2719.28
8/4/2017,2784.8
8/5/2017,3132
8/6/2017,3222.04
8/7/2017,3260
8/8/2017,3446
8/9/2017,3385.48
8/10/2017,3324
8/11/2017,3419.93
8/12/2017,3661.2
8/13/2017,4044.1
8/14/2017,3978.9
8/15/2017,4401.7
8/16/2017,4072.8
8/17/2017,4280.01
8/18/2017,4269.99
8/19/2017,4127.04
8/20/2017,4090.32
8/21/2017,4066.02
8/22/2017,3840.52
8/23/2017,4088.6
8/24/2017,4121.4
8/25/2017,4334.38
8/26/2017,4310
8/27/2017,4336.6
8/28/2017,4291.64
8/29/2017,4385.62
8/30/2017,4600.15
8/31/2017,4630.01
9/1/2017,4756.66
9/2/2017,4811.7
9/3/2017,4667.68
9/4/2017,4586.45
9/5/2017,4181.05
9/6/2017,4466.1
9/7/2017,4506
9/8/2017,4620
9/9/2017,4353.04
9/10/2017,4192.51
9/11/2017,4347.58
9/12/2017,4284.95
9/13/2017,3953.52
9/14/2017,3790.1
9/15/2017,3367.78
9/16/2017,3767.1
9/17/2017,3637.55
9/18/2017,3791.64
9/19/2017,3990.41
9/20/2017,3872.1
9/21/2017,3833.36
9/22/2017,3697.15
9/23/2017,3627.21
9/24/2017,3778
9/25/2017,3752.29
9/26/2017,3908.2
9/27/2017,3936.36
9/28/2017,4197.99
9/29/2017,4057.35
9/30/2017,4196.86
10/1/2017,4295.96
10/2/2017,4425.98
10/3/2017,4417.01
10/4/2017,4300.51
10/5/2017,4178.82
10/6/2017,4326.18
10/7/2017,4369
10/8/2017,4443
10/9/2017,4619.8
10/10/2017,4780.01
10/11/2017,4733.9
10/12/2017,4850
10/13/2017,5748.8
10/14/2017,5659.99
10/15/2017,5795.01
10/16/2017,5610.01
10/17/2017,5659.83
10/18/2017,5493.6
10/19/2017,5628.88
10/20/2017,5690.62
10/21/2017,6098.8
10/22/2017,5940.9
10/23/2017,5984.99
10/24/2017,5646.97
10/25/2017,5551.07
10/26/2017,5766.29
10/27/2017,5926.75
10/28/2017,5708.8
10/29/2017,5719
10/30/2017,6168
10/31/2017,6136.06
11/1/2017,6408.42
11/2/2017,6854.49
11/3/2017,7220.01
11/4/2017,7167.5
11/5/2017,7436.92
11/6/2017,7249.06
11/7/2017,7118.37
11/8/2017,7338.2
11/9/2017,7314.1
11/10/2017,7271.86
11/11/2017,6775.6
11/12/2017,6052.3
11/13/2017,5963.2
11/14/2017,6599.7
11/15/2017,6830.3
11/16/2017,7264
11/17/2017,7934.5
11/18/2017,7575.9
11/19/2017,7800
11/20/2017,7930.47
11/21/2017,7900.1
11/22/2017,8160
11/23/2017,8207
11/24/2017,8115.31
11/25/2017,8184.6
11/26/2017,8850.1
11/27/2017,9591.7
11/28/2017,9689
11/29/2017,10279
11/30/2017,10408
12/1/2017,9679.35
12/2/2017,10888
12/3/2017,10941
12/4/2017,11340
12/5/2017,11635.97
12/6/2017,12222
12/7/2017,13911.8
12/8/2017,16230
12/9/2017,15466
12/10/2017,12773
12/11/2017,16637.98
12/12/2017,16502.01
12/13/2017,16343
12/14/2017,16116
12/15/2017,17158
12/16/2017,17295
12/17/2017,19085
12/18/2017,18586.87
12/19/2017,18900
12/20/2017,16660
12/21/2017,16913
12/22/2017,14298.57
12/23/2017,14019
12/24/2017,13378
12/25/2017,12899
12/26/2017,14351
12/27/2017,15817.52
12/28/2017,14241
12/29/2017,14829
12/30/2017,13291
12/31/2017,12963
1/1/2018,13393
1/2/2018,13315
1/3/2018,14907.52
1/4/2018,15055
1/5/2018,14923
1/6/2018,16570.86
1/7/2018,16700.32
1/8/2018,15624
1/9/2018,15238.248
1/10/2018,14075
1/11/2018,13256
1/12/2018,13650.85
1/13/2018,14165.01
1/14/2018,14224
1/15/2018,13455
1/16/2018,12943.9
1/17/2018,10958.24
1/18/2018,11217
1/19/2018,10908
1/20/2018,11789.86
1/21/2018,12464
1/22/2018,11498.81
1/23/2018,10851
1/24/2018,10855.2
1/25/2018,11610.01
1/26/2018,11530
1/27/2018,11038.28
1/28/2018,11328.04
1/29/2018,11467.35
1/30/2018,10913
1/31/2018,9997.9
2/1/2018,10020
2/2/2018,8872.9
2/3/2018,8439.3
2/4/2018,9225
2/5/2018,8116.38
2/6/2018,6358.3
2/7/2018,7265.7
2/8/2018,7989.8
2/9/2018,8106.4
2/10/2018,8925
2/11/2018,8070.29
2/12/2018,8483.18
2/13/2018,8763.9
2/14/2018,8695.1
2/15/2018,9648
2/16/2018,10080
2/17/2018,10475.12
2/18/2018,10890.01
2/19/2018,10530
2/20/2018,11404
2/21/2018,10958.24
2/22/2018,10725
2/23/2018,9792.09
2/24/2018,10702.25
2/25/2018,9556.1
2/26/2018,9636.3
2/27/2018,10286.68
2/28/2018,10897.43
3/1/2018,10347.2
3/2/2018,11090.36
3/3/2018,11328
3/4/2018,11163
3/5/2018,11550.38
3/6/2018,11247.38
3/7/2018,10742.81
3/8/2018,9527.5
3/9/2018,8980.6
3/10/2018,9234
3/11/2018,8629
3/12/2018,9441.54
3/13/2018,9047
3/14/2018,9255
3/15/2018,7887.3
3/16/2018,8033.9
3/17/2018,8206.25
3/18/2018,7642.7
3/19/2018,8206.43
3/20/2018,8592.32
3/21/2018,9022
3/22/2018,9026.6
3/23/2018,8402.02
3/24/2018,8877.74
3/25/2018,8545.98
3/26/2018,8429.99
3/27/2018,7847.5
3/28/2018,7861.1
3/29/2018,7870
3/30/2018,6863.8
3/31/2018,6962.2
4/1/2018,6919.9
4/2/2018,6992.01
4/3/2018,7183
4/4/2018,7522.43
4/5/2018,6762.6
4/6/2018,6756.3
4/7/2018,6858.7
4/8/2018,6960
4/9/2018,7331.81
4/10/2018,6795
4/11/2018,7064.97
4/12/2018,6944.99
4/13/2018,8034.05
4/14/2018,8034
4/15/2018,8281.97
4/16/2018,8149
4/17/2018,8033.59
4/18/2018,7930.26
4/19/2018,8188.7
4/20/2018,8333.9
4/21/2018,8858.78
4/22/2018,8828.7
4/23/2018,8880.67
4/24/2018,9191.3
4/25/2018,9374.97
4/26/2018,8804.98
4/27/2018,9157.1
4/28/2018,9134.18
4/29/2018,9504.08
4/30/2018,9274.44
5/1/2018,8959.2
5/2/2018,9031.9
5/3/2018,9234.9
5/4/2018,9563.52
5/5/2018,9832.47
5/6/2018,9912.56
5/7/2018,9355.9
5/8/2018,9435.77
5/9/2018,9080.17
5/10/2018,9332.21
5/11/2018,8920.49
5/12/2018,8412
5/13/2018,8447.99
5/14/2018,8396.5
5/15/2018,8714.99
5/16/2018,8164.7
5/17/2018,8360
5/18/2018,7998.45
5/19/2018,8230
5/20/2018,8255
5/21/2018,8487.51
5/22/2018,8313.5
5/23/2018,7959.78
5/24/2018,7622.78
5/25/2018,7592.3
5/26/2018,7435
5/27/2018,7292.2
5/28/2018,7375.4
5/29/2018,7117.2
5/30/2018,7485.25
5/31/2018,7365.27
6/1/2018,7485.9
6/2/2018,7482.66
6/3/2018,7643.9
6/4/2018,7693.99
6/5/2018,7407.7
6/6/2018,7609.36
6/7/2018,7726.7
6/8/2018,7635
6/9/2018,7663.6
6/10/2018,7277
6/11/2018,6779.94
6/12/2018,6825.88
6/13/2018,6550.1
6/14/2018,6495.46
6/15/2018,6598
6/16/2018,6412.56
6/17/2018,6536.38
6/18/2018,6412.34
6/19/2018,6685.9
6/20/2018,6607.8
6/21/2018,6770
6/22/2018,6668.17
6/23/2018,6113.72
6/24/2018,6060.6
6/25/2018,6133
6/26/2018,6238.01
6/27/2018,6040
6/28/2018,6095.2
6/29/2018,5878.8
6/30/2018,6374.9
7/1/2018,6343.51
7/2/2018,6329.81
7/3/2018,6628.87
7/4/2018,6471.24
7/5/2018,6627.01
7/6/2018,6651.07
7/7/2018,6590.95
7/8/2018,6722.88
7/9/2018,6709.51
7/10/2018,6634.53
7/11/2018,6340.2
7/12/2018,6342.22
7/13/2018,6251
7/14/2018,6215.76
7/15/2018,6252.54
7/16/2018,6352.99
7/17/2018,6742.77
7/18/2018,7462.954
7/19/2018,7319.58
7/20/2018,7461.2
7/21/2018,7284.86
7/22/2018,7414.85
7/23/2018,7625
7/24/2018,7754
7/25/2018,8364.3
7/26/2018,8230.7
7/27/2018,7878.79
7/28/2018,8169.8
7/29/2018,8224.2
7/30/2018,8192.2
7/31/2018,8112.61
8/1/2018,7550.2
8/2/2018,7644.7
8/3/2018,7332.5
8/4/2018,7460.63
8/5/2018,7004
8/6/2018,7092.8
8/7/2018,6926.44
8/8/2018,6589.55
8/9/2018,6315.9
8/10/2018,6463.6
8/11/2018,6113.323
8/12/2018,6278.1
8/13/2018,6346.14
8/14/2018,5975.4
8/15/2018,6297.25
8/16/2018,6280.01
8/17/2018,6421.5
8/18/2018,6533
8/19/2018,6337
8/20/2018,6490
8/21/2018,6310.01
8/22/2018,6728
8/23/2018,6407.1
8/24/2018,6492.92
8/25/2018,6727.7
8/26/2018,6622.7
8/27/2018,6676.1
8/28/2018,6879.03
8/29/2018,7037.4
8/30/2018,7024.4
8/31/2018,6967.74
9/1/2018,7060
9/2/2018,7176.01
9/3/2018,7257.25
9/4/2018,7265.34
9/5/2018,7367.99
9/6/2018,6407.21
9/7/2018,6498.5
9/8/2018,6416.1
9/9/2018,6175.031
9/10/2018,6312.8
9/11/2018,6349
9/12/2018,6259.99
9/13/2018,6389.8
9/14/2018,6554.1
9/15/2018,6497.8
9/16/2018,6484.86
9/17/2018,6512.43
9/18/2018,6236
9/19/2018,6350
9/20/2018,6400.4
9/21/2018,6544.29
9/22/2018,6733.73
9/23/2018,6720.1
9/24/2018,6722.9
9/25/2018,6461.538
9/26/2018,6387.01
9/27/2018,6494
9/28/2018,6705.6
9/29/2018,6486.66
9/30/2018,6561.05
10/1/2018,6645
10/2/2018,6566.7
10/3/2018,6460.28
10/4/2018,6601
10/5/2018,6539.71
10/6/2018,6567.17
10/7/2018,6554
10/8/2018,6556.3
10/9/2018,6597.6
10/10/2018,6540.41
10/11/2018,6337.6
10/12/2018,6307.1
10/13/2018,6296.3
10/14/2018,6225
10/15/2018,6218.4
10/16/2018,6426
10/17/2018,6447.93
10/18/2018,6749.958
10/19/2018,6615.8
10/20/2018,6534.6
10/21/2018,6438
10/22/2018,6413
10/23/2018,6391.98
10/24/2018,6417.17
10/25/2018,6534.46
10/26/2018,6390.07
10/27/2018,6417.15
10/28/2018,6410.06
10/29/2018,6499.7
10/30/2018,6273.45
10/31/2018,6266.4
11/1/2018,6298.6
11/2/2018,6430.1
11/3/2018,6342.45
11/4/2018,6331.73
11/5/2018,6410.01
11/6/2018,6392.7
11/7/2018,6580.1
11/8/2018,6443.72
11/9/2018,6488.4
11/10/2018,6434
11/11/2018,6351.64
11/12/2018,6454.9
11/13/2018,6445.313
11/14/2018,6465
11/15/2018,5747.1
11/16/2018,5573
11/17/2018,5465.95
11/18/2018,5676.011
11/19/2018,5602
11/20/2018,4802.99
11/21/2018,4443.72
11/22/2018,4531.26
11/23/2018,4215.71
11/24/2018,4445.6
11/25/2018,3638.07
11/26/2018,4121.552
11/27/2018,3802.3
11/28/2018,3846.77
11/29/2018,4206.9
11/30/2018,4318.43
12/1/2018,3967.4
12/2/2018,4138.5
12/3/2018,4102.94
12/4/2018,3815
12/5/2018,3832.31
12/6/2018,3844.2
12/7/2018,3329.78
12/8/2018,3505.341
12/9/2018,3524.7
12/10/2018,3537.27
12/11/2018,3498.974
12/12/2018,3425.6
12/13/2018,3384.95
12/14/2018,3338.6
12/15/2018,3313.2
12/16/2018,3344.792
12/17/2018,3315
12/18/2018,3671.3
12/19/2018,3752.16
12/20/2018,3717.75
12/21/2018,4047
12/22/2018,3821.18
12/23/2018,4008.49
12/24/2018,4171.02
12/25/2018,3732
12/26/2018,3837.01
12/27/2018,3862.3
12/28/2018,3615.87
12/29/2018,4033.2
12/30/2018,3732.3
12/31/2018,3787.91
1/1/2019,3681.1
1/2/2019,3788.05
1/3/2019,4024.9
1/4/2019,3800.08
1/5/2019,3844.76
1/6/2019,3919
1/7/2019,4037.9
1/8/2019,4089.9
1/9/2019,4019.43
1/10/2019,4013.58
1/11/2019,3716.3
1/12/2019,3637.33
1/13/2019,3624
1/14/2019,3608.7
1/15/2019,3668.97
1/16/2019,3596
1/17/2019,3585.99
1/18/2019,3622.9
1/19/2019,3622.92
1/20/2019,3775
1/21/2019,3583.4
1/22/2019,3536.16
1/23/2019,3580.34
1/24/2019,3535.77
1/25/2019,3569.15
1/26/2019,3570.8
1/27/2019,3562.2
1/28/2019,3469.96
1/29/2019,3475.7
1/30/2019,3406.4
1/31/2019,3449.6
2/1/2019,3394.48
2/2/2019,3530.2
2/3/2019,3536.7
2/4/2019,3413.78
2/5/2019,3413.31
2/6/2019,3376.25
2/7/2019,3450.9
2/8/2019,3362
2/9/2019,3609.01
2/10/2019,3616.84
2/11/2019,3694.2
2/12/2019,3670.7
2/13/2019,3601.57
2/14/2019,3664.9
2/15/2019,3575.52
2/16/2019,3621.87
2/17/2019,3590
2/18/2019,3687.6
2/19/2019,3867.99
2/20/2019,3894.31
2/21/2019,3942.01
2/22/2019,3914.01
2/23/2019,3943.92
2/24/2019,4161.3
2/25/2019,3798.72
2/26/2019,3824.74
2/27/2019,3802.2
2/28/2019,3802.3
3/1/2019,3827.82
3/2/2019,3922.8
3/3/2019,3810.33
3/4/2019,3799.22
3/5/2019,3691.15
3/6/2019,3916.9
3/7/2019,3975.4
3/8/2019,3854.7
3/9/2019,3853
3/10/2019,3924.35
3/11/2019,3908.99
3/12/2019,3808.11
3/13/2019,3885.56
3/14/2019,3865.77
3/15/2019,3860.04
3/16/2019,3954.24
3/17/2019,3953.09
3/18/2019,4008.21
3/19/2019,3974.01
3/20/2019,3975.29
3/21/2019,4032.3
3/22/2019,3974.34
3/23/2019,4006.01
3/24/2019,3970.52
3/25/2019,3996.54
3/26/2019,3937.66
3/27/2019,3976.89
3/28/2019,4015.02
3/29/2019,4026.12
3/30/2019,4087.06
3/31/2019,4088.15
4/1/2019,4123.66
4/2/2019,4180.79
4/3/2019,5048.47
4/4/2019,4967.12
4/5/2019,4893.68
4/6/2019,5001.68
4/7/2019,5191.4
4/8/2019,5252.12
4/9/2019,5159.02
4/10/2019,5220.19
4/11/2019,5199.1
4/12/2019,5024.93
4/13/2019,5138.6
4/14/2019,5054.59
4/15/2019,5165.88
4/16/2019,5051.99
4/17/2019,5259.4
4/18/2019,5273.16
4/19/2019,5232.76
4/20/2019,5329.9
4/21/2019,5305.6
4/22/2019,5256.1
4/23/2019,5460.7
4/24/2019,5573.99
4/25/2019,5437.85
4/26/2019,5204.82
4/27/2019,5287.2
4/28/2019,5307.36
4/29/2019,5178.17
4/30/2019,5144.74
5/1/2019,5315.6
5/2/2019,5330.68
5/3/2019,5832.1
5/4/2019,6105.752
5/5/2019,5812.43
5/6/2019,5963.4
5/7/2019,5958.4
5/8/2019,5780
5/9/2019,6068.18
5/10/2019,6366.7
5/11/2019,6548.39
5/12/2019,7159.32
5/13/2019,7014.33
5/14/2019,7963.14
5/15/2019,8040.92
5/16/2019,8190
5/17/2019,7357.4
5/18/2019,7376.41
5/19/2019,7941.55
5/20/2019,8054.9
5/21/2019,7932.18
5/22/2019,7896.38
5/23/2019,7673.62
5/24/2019,7845.41
5/25/2019,8011.39
5/26/2019,7990.3
5/27/2019,8773
5/28/2019,8793.1
5/29/2019,8638.66
5/30/2019,8715.9
5/31/2019,8264.97
6/1/2019,8543.95
6/2/2019,8560.19
6/3/2019,8678.7
6/4/2019,7886.41
6/5/2019,7794.53
6/6/2019,7865.32
6/7/2019,7807.33
6/8/2019,7944.8
6/9/2019,7895.9
6/10/2019,7667.63
6/11/2019,7968.52
6/12/2019,7996.01
6/13/2019,8124.08
6/14/2019,8193.4
6/15/2019,8635.6
6/16/2019,9014.9
6/17/2019,9176.22
6/18/2019,9265
6/19/2019,9140.89
6/20/2019,9336.34
6/21/2019,9749.99
6/22/2019,10613
6/23/2019,10725
6/24/2019,10651.54
6/25/2019,11133.34
6/26/2019,12237.11
6/27/2019,12987.66
6/28/2019,11103
6/29/2019,11480
6/30/2019,12125.73
7/1/2019,11181.3
7/2/2019,10309.71
7/3/2019,11312.31
7/4/2019,11893
7/5/2019,11138
7/6/2019,11503.7
7/7/2019,11153.07
7/8/2019,11403.18
7/9/2019,12675
7/10/2019,12970
7/11/2019,11712.93
7/12/2019,11184.97
7/13/2019,11597
7/14/2019,11294.62
7/15/2019,10259
7/16/2019,10719.6
7/17/2019,9407.2
7/18/2019,9712.3
7/19/2019,10610.18
7/20/2019,10513.23
7/21/2019,10587.82
7/22/2019,10630.95
7/23/2019,10229.21
7/24/2019,9636.09
7/25/2019,10105
7/26/2019,9717
7/27/2019,10128.02
7/28/2019,9464.5
7/29/2019,9632
7/30/2019,9428.03
7/31/2019,9684.33
8/1/2019,10011.099
8/2/2019,10361.41
8/3/2019,10787.97
8/4/2019,10776.063
8/5/2019,11594
8/6/2019,11674.02
8/7/2019,11618.9
8/8/2019,11949
8/9/2019,11911
8/10/2019,11866
8/11/2019,11374.29
8/12/2019,11437.29
8/13/2019,11385.37
8/14/2019,10604.94
8/15/2019,9809.32
8/16/2019,10319.59
8/17/2019,10299.54
8/18/2019,10108.83
8/19/2019,10403.38
8/20/2019,10796.8
8/21/2019,10292
8/22/2019,9868.43
8/23/2019,10142.34
8/24/2019,10344.41
8/25/2019,10142
8/26/2019,10285.99
8/27/2019,10188
8/28/2019,10079.96
8/29/2019,9610
8/30/2019,9461.24
8/31/2019,9616.27
9/1/2019,9628.01
9/2/2019,9766.3
9/3/2019,10386.06
9/4/2019,10619.81
9/5/2019,10570.41
9/6/2019,10657.94
9/7/2019,10340.74
9/8/2019,10568
9/9/2019,10309.01
9/10/2019,10306.85
9/11/2019,10081.86
9/12/2019,10109.72
9/13/2019,10388.95
9/14/2019,10302.98
9/15/2019,10324.31
9/16/2019,10315.69
9/17/2019,10241.12
9/18/2019,10213.69
9/19/2019,9815
9/20/2019,10226.94
9/21/2019,10133.17
9/22/2019,9870
9/23/2019,9971.35
9/24/2019,9710.9
9/25/2019,8588.61
9/26/2019,8362.74
9/27/2019,8022.23
9/28/2019,8164.47
9/29/2019,8164
9/30/2019,7979.35
10/1/2019,8420.58
10/2/2019,8273.71
10/3/2019,8345.33
10/4/2019,8110.18
10/5/2019,8148.5
10/6/2019,8061.49
10/7/2019,7871.89
10/8/2019,8259.56
10/9/2019,8127
10/10/2019,8566.35
10/11/2019,8579.99
10/12/2019,8314
10/13/2019,8345
10/14/2019,8291.16
10/15/2019,8317.71
10/16/2019,8164.06
10/17/2019,7966.57
10/18/2019,8072.59
10/19/2019,7987.7
10/20/2019,7911.48
10/21/2019,8238.51
10/22/2019,8217.97
10/23/2019,7960.9
10/24/2019,7422
10/25/2019,7455
10/26/2019,9601.53
10/27/2019,9133.21
10/28/2019,9647.43
10/29/2019,9294.44
10/30/2019,9293.58
10/31/2019,9114.43
11/1/2019,9076.03
11/2/2019,9261.54
11/3/2019,9337.66
11/4/2019,9155.91
11/5/2019,9423.17
11/6/2019,9305.03
11/7/2019,9294.11
11/8/2019,9225.13
11/9/2019,8824.99
11/10/2019,8771.16
11/11/2019,9016
11/12/2019,8730.71
11/13/2019,8750.5
11/14/2019,8751.99
11/15/2019,8536.3
11/16/2019,8450
11/17/2019,8479.15
11/18/2019,8475.89
11/19/2019,8153.79
11/20/2019,8118.65
11/21/2019,8102.62
11/22/2019,7593.22
11/23/2019,7284.95
11/24/2019,7223
11/25/2019,6680.26
11/26/2019,7291.9
11/27/2019,7071.44
11/28/2019,7504.71
11/29/2019,7490.37
11/30/2019,7750.01
12/1/2019,7292.31
12/2/2019,7363.15
12/3/2019,7349.25
12/4/2019,7151.4
12/5/2019,7222.06
12/6/2019,7370.47
12/7/2019,7543
12/8/2019,7403.27
12/9/2019,7518.67
12/10/2019,7409.1
12/11/2019,7210.17
12/12/2019,7154.32
12/13/2019,7228.37
12/14/2019,7248.86
12/15/2019,7047.15
12/16/2019,7060.64
12/17/2019,6869
12/18/2019,6689.89
12/19/2019,7159.13
12/20/2019,7125.53
12/21/2019,7169.93
12/22/2019,7140.1
12/23/2019,7620.6
12/24/2019,7305.79
12/25/2019,7231.64
12/26/2019,7172.24
12/27/2019,7232.18
12/28/2019,7288.52
12/29/2019,7294.5
12/30/2019,7339
12/31/2019,7209.73
1/1/2020,7196.98
1/2/2020,7095.82
1/3/2020,6949.76
1/4/2020,7323.6
1/5/2020,7470.3
1/6/2020,7539.2
1/7/2020,7894.8
1/8/2020,8300
1/9/2020,7950.72
1/10/2020,7805.85
1/11/2020,8158.61
1/12/2020,8078
1/13/2020,8100.1
1/14/2020,8460
1/15/2020,8718.74
1/16/2020,8625.1
1/17/2020,8772.06
1/18/2020,8912.5
1/19/2020,9142.1
1/20/2020,8651.7
1/21/2020,8653.15
1/22/2020,8706.2
1/23/2020,8561.97
1/24/2020,8310.6
1/25/2020,8301.19
1/26/2020,8333
1/27/2020,8647.68
1/28/2020,9089.9
1/29/2020,9336.99
1/30/2020,9282.44
1/31/2020,9425.01
2/1/2020,9416.29
2/2/2020,9256.2
2/3/2020,9370.32
2/4/2020,9266.35
2/5/2020,9203.3
2/6/2020,9638.2
2/7/2020,9752.6
2/8/2020,9701.8
2/9/2020,10051.51
2/10/2020,10083.49
2/11/2020,9722.4
2/12/2020,10303.54
2/13/2020,10409.43
2/14/2020,10261.21
2/15/2020,10281.89
2/16/2020,9997.06
2/17/2020,9808.6
2/18/2020,9733.51
2/19/2020,10165.31
2/20/2020,9566.41
2/21/2020,9719.5
2/22/2020,9675.4
2/23/2020,9807.2
2/24/2020,9771.1
2/25/2020,9580.6
2/26/2020,9158.7
2/27/2020,8732.5
2/28/2020,8845
2/29/2020,8725.9
3/1/2020,8615
3/2/2020,8642.3
3/3/2020,8868.5
3/4/2020,8786.4
3/5/2020,8910.7
3/6/2020,9050.3
3/7/2020,9113.7
3/8/2020,8758.82
3/9/2020,8075.55
3/10/2020,7907.25
3/11/2020,7923.94
3/12/2020,7662.92
3/13/2020,5362.37
3/14/2020,5612.4
3/15/2020,5213.4
3/16/2020,5264.64
3/17/2020,5358.7
3/18/2020,5413
3/19/2020,5302
3/20/2020,6166.85
3/21/2020,6269.14
3/22/2020,6356.12
3/23/2020,5961.76
3/24/2020,6549.82
3/25/2020,6569.52
3/26/2020,6735.5
3/27/2020,6792.71
3/28/2020,6119
3/29/2020,6215.08
3/30/2020,6013.95
3/31/2020,6446.1
4/1/2020,6378.97
4/2/2020,6603.02
4/3/2020,6781.53
4/4/2020,6704.99
4/5/2020,6803.8
4/6/2020,6852.01
4/7/2020,7333
4/8/2020,7351.79
4/9/2020,7292.47
4/10/2020,7185.8
4/11/2020,6921.55
4/12/2020,6820.26
4/13/2020,6688.56
4/14/2020,6895.1
4/15/2020,6913.1
4/16/2020,6658
4/17/2020,7095.31
4/18/2020,7101.32
4/19/2020,7241.71
4/20/2020,7177.68
4/21/2020,6871.49
4/22/2020,6872.48
4/23/2020,7120.74
4/24/2020,7529.05
4/25/2020,7517.51
4/26/2020,7579.26
4/27/2020,7742.32
4/28/2020,7712.46
4/29/2020,7821.73
4/30/2020,9292.88
5/1/2020,8677.41
5/2/2020,8845.56
5/3/2020,9146.13
5/4/2020,8732.36
5/5/2020,8863.24
5/6/2020,8981.89
5/7/2020,9289
5/8/2020,9923.3
5/9/2020,9870.18
5/10/2020,8630.9
5/11/2020,8702.88
5/12/2020,8718.77
5/13/2020,8916.12
5/14/2020,9355
5/15/2020,9474.16
5/16/2020,9407.18
5/17/2020,9550.17
5/18/2020,9860.8
5/19/2020,9519.07
5/20/2020,9720.72
5/21/2020,9483.37
5/22/2020,8985.1
5/23/2020,9294.66
5/24/2020,9193.21
5/25/2020,8781.61
5/26/2020,8903.5
5/27/2020,8841.129
5/28/2020,9175.2
5/29/2020,9515.87
5/30/2020,9392.71
5/31/2020,9586.75
6/1/2020,9550
6/2/2020,10107.997
6/3/2020,9486.63
6/4/2020,9671.51
6/5/2020,9797.29
6/6/2020,9624.99
6/7/2020,9686.04
6/8/2020,9724.72
6/9/2020,9685.97
6/10/2020,9759.31
6/11/2020,9890.7
6/12/2020,9353.04
6/13/2020,9407.21
6/14/2020,9436.3
6/15/2020,9150.05
6/16/2020,9571
6/17/2020,9458.46
6/18/2020,9421.23
6/19/2020,9263.4
6/20/2020,9324.94
6/21/2020,9366.08
6/22/2020,9397.7
6/23/2020,9650
6/24/2020,9642.17
6/25/2020,9084.35
6/26/2020,9234.91
6/27/2020,9156.1
6/28/2020,8981.691
6/29/2020,9088.66
6/30/2020,9160.54
7/1/2020,9137.32
7/2/2020,9235.09
7/3/2020,9091.75
7/4/2020,9083.29
7/5/2020,9129.02
7/6/2020,9089.56
7/7/2020,9295.61
7/8/2020,9310.83
7/9/2020,9382.9
7/10/2020,9211
7/11/2020,9280.3
7/12/2020,9275.36
7/13/2020,9270
7/14/2020,9229.7
7/15/2020,9231.94
7/16/2020,9194.19
7/17/2020,9111.99
7/18/2020,9135.19
7/19/2020,9152.72
7/20/2020,9188.05
7/21/2020,9178.93
7/22/2020,9365.01
7/23/2020,9521.1
7/24/2020,9565.68
7/25/2020,9584.04
7/26/2020,9680.41
7/27/2020,10265.78
7/28/2020,10991
7/29/2020,10984.18
7/30/2020,11000
7/31/2020,10992.56
8/1/2020,11369.1
8/2/2020,12000
8/3/2020,11139.69
8/4/2020,11260.32
8/5/2020,11240.08
8/6/2020,11649.664
8/7/2020,11841.2
8/8/2020,11539.42
8/9/2020,11732.67
8/10/2020,12036.03
8/11/2020,11849.36
8/12/2020,11381.02
8/13/2020,11566.27
8/14/2020,11741.1
8/15/2020,11902.42
8/16/2020,11933.97
8/17/2020,11846.84
8/18/2020,12311.37
8/19/2020,11842.39
8/20/2020,11705.28
8/21/2020,11867.8
8/22/2020,11481
8/23/2020,11605.1
8/24/2020,11700
8/25/2020,11682
8/26/2020,11372.54
8/27/2020,11385.76
8/28/2020,11397.95
8/29/2020,11504.73
8/30/2020,11615.54
8/31/2020,11710
9/1/2020,11695.89
9/2/2020,11837.02
9/3/2020,11365.72
9/4/2020,10271.13
9/5/2020,10443.38
9/6/2020,10167.02
9/7/2020,10206.24
9/8/2020,10310.56
9/9/2020,10023.31
9/10/2020,10377.1
9/11/2020,10217.92
9/12/2020,10359.927
9/13/2020,10563.78
9/14/2020,10345.22
9/15/2020,10773
9/16/2020,10780.65
9/17/2020,10869.07
9/18/2020,10926.5
9/19/2020,10982.04
9/20/2020,10948.99
9/21/2020,10961.55
9/22/2020,10447.1
9/23/2020,10482.52
9/24/2020,10299.1
9/25/2020,10665.96
9/26/2020,10708.06
9/27/2020,10786.75
9/28/2020,10910
9/29/2020,10685.8
9/30/2020,10744.58
10/1/2020,10801.03
10/2/2020,10649.91
10/3/2020,10552.31
10/4/2020,10551.14
10/5/2020,10689
10/6/2020,10764.15
10/7/2020,10575.77
10/8/2020,10645.61
10/9/2020,10891.44
10/10/2020,11411.89
10/11/2020,11335.65
10/12/2020,11389.04
10/13/2020,11463.19
10/14/2020,11397.19
10/15/2020,11384.36
10/16/2020,11516.91
10/17/2020,11371.89
10/18/2020,11379.3
10/19/2020,11423
10/20/2020,11749.98
10/21/2020,12200.36
10/22/2020,12733.02
10/23/2020,12978
10/24/2020,12983.84
10/25/2020,13308.47
10/26/2020,13103
10/27/2020,13095.79
10/28/2020,13789.39
10/29/2020,13280
10/30/2020,13443.21
10/31/2020,13493.37
11/1/2020,13701.38
11/2/2020,13710.87
11/3/2020,13403.77
11/4/2020,13899.95
11/5/2020,14318
11/6/2020,15461.2
11/7/2020,15566.01
11/8/2020,14985
11/9/2020,15459.15
11/10/2020,15350
11/11/2020,15418.14
11/12/2020,15661.23
11/13/2020,16439.23
11/14/2020,16195.14
11/15/2020,15948.12
11/16/2020,16020
11/17/2020,16567
11/18/2020,18024
11/19/2020,17935.44
11/20/2020,17961.26
11/21/2020,18653
11/22/2020,18555.41
11/23/2020,18376.82
11/24/2020,18367.68
11/25/2020,18826.14
11/26/2020,17940.78
11/27/2020,17142.661
11/28/2020,17004.7
11/29/2020,17877.64
11/30/2020,18607.41
12/1/2020,19406.57
12/2/2020,18640
12/3/2020,19099.19
12/4/2020,19178.09
12/5/2020,18826.65
12/6/2020,19185.69
12/7/2020,19282.78
12/8/2020,19150.93
12/9/2020,18293.68
12/10/2020,18410.68
12/11/2020,17996.06
12/12/2020,18286.7
12/13/2020,18800
12/14/2020,19262.64
12/15/2020,19496
12/16/2020,19357.72
12/17/2020,21761.94
12/18/2020,22824.06
12/19/2020,23126.38
12/20/2020,23370.01
12/21/2020,23958.28
12/22/2020,22853.63
12/23/2020,23691.59
12/24/2020,22889.51
12/25/2020,23463.93
12/26/2020,24899.73
12/27/2020,26555.48
12/28/2020,27256.24
12/29/2020,26410.16
12/30/2020,28025.37
12/31/2020,28978
1/1/2021,29338.1
1/2/2021,29440.01
1/3/2021,32613.67
1/4/2021,33590.85
1/5/2021,31188.58
1/6/2021,34139
1/7/2021,37560.25
1/8/2021,38414.82
1/9/2021,40252.21
1/10/2021,40375
1/11/2021,35491
1/12/2021,35004.23
1/13/2021,33799.18
1/14/2021,37055.46
1/15/2021,38707
1/16/2021,36486
1/17/2021,36191.06
1/18/2021,35092.98
1/19/2021,36485.43
1/20/2021,35057.65
1/21/2021,34588.9
1/22/2021,30981.59
1/23/2021,32385.54
1/24/2021,32489.59
1/25/2021,33571.99
1/26/2021,31538.99
1/27/2021,31836.59
1/28/2021,31496.2
1/29/2021,33827.15
1/30/2021,33271.18
1/31/2021,33959.55
2/1/2021,33590.7
2/2/2021,33586.68
2/3/2021,36409.97
2/4/2021,37529.81
2/5/2021,37385
2/6/2021,39382.02
2/7/2021,38869.71
2/8/2021,38119.42
2/9/2021,46653.78
2/10/2021,46280.55
2/11/2021,45479.3
2/12/2021,47585.54
2/13/2021,47940
2/14/2021,47345.81
2/15/2021,47147.72
2/16/2021,49574.86
2/17/2021,49656
2/18/2021,52050.86
2/19/2021,51213.7
2/20/2021,55741.87
2/21/2021,56543.92
2/22/2021,55922.98
2/23/2021,51844.07
2/24/2021,50929.46
2/25/2021,50247.59
2/26/2021,47351.32
2/27/2021,47424.02
2/28/2021,44677.9
3/1/2021,46387.8
3/2/2021,49014.4
3/3/2021,48736.04
3/4/2021,49559.55
3/5/2021,47360
3/6/2021,48648
3/7/2021,49590.37
3/8/2021,50635.7
3/9/2021,53910.49
3/10/2021,53459.96
3/11/2021,55974.3
3/12/2021,57105.64
3/13/2021,56682.67
3/14/2021,61350.44
3/15/2021,60327
3/16/2021,54222.33
3/17/2021,55531.61
3/18/2021,58715
3/19/2021,57794.25
3/20/2021,58373.212
3/21/2021,57693
3/22/2021,57556.15
3/23/2021,54702.55
3/24/2021,54342.42
3/25/2021,52109.27
3/26/2021,52428.61
3/27/2021,54802.65
3/28/2021,56062.42
3/29/2021,55355.61
3/30/2021,57106.97
3/31/2021,58651.51
4/1/2021,59138.56
4/2/2021,59821.69
4/3/2021,59245.25
4/4/2021,57545.01
4/5/2021,57491.13
4/6/2021,58611.25
4/7/2021,57913.24
4/8/2021,56543.51
4/9/2021,57998.57
4/10/2021,59249
4/11/2021,60244.75
4/12/2021,60340.63
4/13/2021,60350
4/14/2021,63786.45
4/15/2021,63074.28
4/16/2021,63001.2
4/17/2021,62433.93
4/18/2021,55428.5
4/19/2021,57167.15
4/20/2021,54594.98
4/21/2021,55262.3
4/22/2021,53483.56
4/23/2021,50317.01
4/24/2021,50179.02
4/25/2021,49693.41
4/26/2021,52450
4/27/2021,53538.41
4/28/2021,54860
4/29/2021,54321.53
4/30/2021,53745.69
5/1/2021,58264.21
5/2/2021,56519.69
5/3/2021,57931.301
5/4/2021,55484.22
5/5/2021,54806.7
5/6/2021,56853.61
5/7/2021,55724.8
5/8/2021,58188.84
5/9/2021,58673.38
5/10/2021,59427.41
5/11/2021,55166.42
5/12/2021,57834.61
5/13/2021,50481
5/14/2021,49227.09
5/15/2021,49670.25
5/16/2021,48555
5/17/2021,42888.16
5/18/2021,44782.89
5/19/2021,40595
5/20/2021,38394.82
5/21/2021,40758.61
5/22/2021,36932.09
5/23/2021,37471.27
5/24/2021,35333.66
5/25/2021,38374.07
5/26/2021,39577.29
5/27/2021,37691.56
5/28/2021,38254.34
5/29/2021,36467.16
5/30/2021,34733
5/31/2021,34523.6
6/1/2021,36707.5
6/2/2021,36472.02
6/3/2021,37653.17
6/4/2021,37965.18
6/5/2021,37439.79
6/6/2021,36019.66
6/7/2021,36396.12
6/8/2021,32847.19
6/9/2021,32891.06
6/10/2021,36985.35
6/11/2021,36776.01
6/12/2021,35595.47
6/13/2021,34861.87
6/14/2021,38986.21
6/15/2021,40430.01
6/16/2021,40024.77
6/17/2021,38880.64
6/18/2021,37942.82
6/19/2021,35139.99
6/20/2021,35587
6/21/2021,34800
6/22/2021,33026.43
6/23/2021,33991.02
6/24/2021,32633
6/25/2021,35065.93
6/26/2021,31984.95
6/27/2021,33158.02
6/28/2021,34400
6/29/2021,34579.2
6/30/2021,35117.53
7/1/2021,34160
7/2/2021,32912.31
7/3/2021,33521.99
7/4/2021,34667.435
7/5/2021,34363.72
7/6/2021,33938.45
7/7/2021,34460.01
7/8/2021,33322.77
7/9/2021,32942.64
7/10/2021,33805.06
7/11/2021,33460.4
7/12/2021,34457.25
7/13/2021,33083.9
7/14/2021,31834
7/15/2021,32643.24
7/16/2021,31918.11
7/17/2021,31349.73
7/18/2021,32174.05
7/19/2021,31551.48
7/20/2021,29609.9
7/21/2021,29839.81
7/22/2021,31937.59
7/23/2021,32594.76
7/24/2021,33676
7/25/2021,34192.29
7/26/2021,38287.14
7/27/2021,36852.92
7/28/2021,39863
7/29/2021,39638.6
7/30/2021,39981.84
7/31/2021,41835.61
8/1/2021,42391
8/2/2021,39797.28
8/3/2021,38658.2
8/4/2021,37979
8/5/2021,39425.03
8/6/2021,40232.44
8/7/2021,43716
8/8/2021,44296
8/9/2021,43523.56
8/10/2021,45703.3
8/11/2021,45587.39
8/12/2021,45946.48
8/13/2021,45179.82
8/14/2021,47571.31
8/15/2021,46894
8/16/2021,47384.13
8/17/2021,46438.87
8/18/2021,45073.32
8/19/2021,44058.12
8/20/2021,47048.19
8/21/2021,48854.99
8/22/2021,48825.76
8/23/2021,50299.96
8/24/2021,49360.56
8/25/2021,47994.89
8/26/2021,47929.29
8/27/2021,46830.49
8/28/2021,48890.93
8/29/2021,48252.94
8/30/2021,47996.61
8/31/2021,47174.06
9/1/2021,47050.96
9/2/2021,49579.49
9/3/2021,49508.79
9/4/2021,50303.7
9/5/2021,49699.19
9/6/2021,51629.95
9/7/2021,52673.09
9/8/2021,46480.2
9/9/2021,46004.57
9/10/2021,46727.07
9/11/2021,45194.03
9/12/2021,45333.29
9/13/2021,44620.08
9/14/2021,45200.23
9/15/2021,47096.02
9/16/2021,47621.75
9/17/2021,47914.09
9/18/2021,47944.8
9/19/2021,47861.37
9/20/2021,45582
9/21/2021,42679
9/22/2021,42068.92
9/23/2021,44100
9/24/2021,44309
9/25/2021,42639.99
9/26/2021,42238.85
9/27/2021,44058.89
9/28/2021,42570.17
9/29/2021,42202.69
9/30/2021,43631
10/1/2021,43642.36
10/2/2021,47549
10/3/2021,47928.93
10/4/2021,47490.43
10/5/2021,49320.15
10/6/2021,51550.01
10/7/2021,54824.26
10/8/2021,53824.83
10/9/2021,54579.71
10/10/2021,55027.41
10/11/2021,56494
10/12/2021,56730.54
10/13/2021,56289.82
10/14/2021,58069.86
10/15/2021,59430.399
10/16/2021,61649.65
10/17/2021,61122.73
10/18/2021,62107.88
10/19/2021,62599
10/20/2021,63865.84
10/21/2021,65068.15
10/22/2021,63256.35
10/23/2021,61232.61
10/24/2021,61235.54
10/25/2021,62092.83
10/26/2021,62756.17
10/27/2021,60711.44
10/28/2021,58889.09
10/29/2021,61669.9
10/30/2021,61691.85
10/31/2021,61732.95
11/1/2021,59953.78
11/2/2021,61142.46
11/3/2021,63265.23
11/4/2021,62458.47
11/5/2021,62246.59
11/6/2021,61140
11/7/2021,62200.44
11/8/2021,65234.86
11/9/2021,68523.94
11/10/2021,66485.61
11/11/2021,64782.01
11/12/2021,64855.16
11/13/2021,63800.76
11/14/2021,64657.79
11/15/2021,65745.61
11/16/2021,60920
11/17/2021,59070.35
11/18/2021,59881.93
11/19/2021,55929.01
11/20/2021,58575.3
11/21/2021,58731.31
11/22/2021,57431.01
11/23/2021,56959.19
11/24/2021,56420
11/25/2021,57772
11/26/2021,57948.42
11/27/2021,54390.71
11/28/2021,54175.98
11/29/2021,57417.31
11/30/2021,57149.33
12/1/2021,57411.7
12/2/2021,56351.22
12/3/2021,56368.16
12/4/2021,52037.29
12/5/2021,49259.38
12/6/2021,49126.35
12/7/2021,51014.14
12/8/2021,50147.11
12/9/2021,49560.1
12/10/2021,48393.17
12/11/2021,48332.19
12/12/2021,49330
12/13/2021,48897
12/14/2021,46977.8
12/15/2021,48286.34
12/16/2021,48834.39
12/17/2021,47780.06
12/18/2021,46317.37
12/19/2021,47737.75
12/20/2021,46704.25
12/21/2021,47948.98
12/22/2021,49273.19
12/23/2021,48543.98
12/24/2021,51062.95
12/25/2021,50874.08
12/26/2021,49715.78
12/27/2021,51032.83
12/28/2021,49834
12/29/2021,48007.23
12/30/2021,46512
12/31/2021,47207.63
1/1/2022,46804
1/2/2022,47338.81
1/3/2022,46805.4084
1/4/2022,46319.99
1/5/2022,46448
1/6/2022,42832.08
1/7/2022,41798.69
1/8/2022,41807.55
1/9/2022,41846.65
1/10/2022,41979.61
1/11/2022,42295.73
1/12/2022,42618.57
1/13/2022,43528.18
1/14/2022,42658.33
1/15/2022,42954.37
1/16/2022,43008.58
1/17/2022,42660.87
1/18/2022,42058.47
1/19/2022,41728.6398
1/20/2022,41935.78
1/21/2022,38462.48
1/22/2022,36354.41
1/23/2022,35069.3
1/24/2022,35359.78
1/25/2022,36443.39
1/26/2022,37425.7
1/27/2022,35777.14
1/28/2022,37388
1/29/2022,37760.75
1/30/2022,37943.86
1/31/2022,37065
2/1/2022,38625
2/2/2022,38579.23
2/3/2022,36839.63
2/4/2022,37335.11
2/5/2022,41475.7
2/6/2022,41472.37
2/7/2022,42854.33
2/8/2022,44225.57
2/9/2022,43383
2/10/2022,43821.42
2/11/2022,43372.59
2/12/2022,42316.97
2/13/2022,42243.08
2/14/2022,41930.36
2/15/2022,43599.52
2/16/2022,44012.22
2/17/2022,43604.66
2/18/2022,40725.16
2/19/2022,40165.77
2/20/2022,39811.74
2/21/2022,38937.31
2/22/2022,36599.36
2/23/2022,37804
2/24/2022,34966.87
2/25/2022,38943.82
2/26/2022,39415
2/27/2022,38642.19
2/28/2022,37816.19
3/1/2022,43159.33
3/2/2022,44354.3
3/3/2022,43333.32
3/4/2022,41491
3/5/2022,39070.48
3/6/2022,39340
3/7/2022,37884.18
3/8/2022,38701
3/9/2022,41217.71
3/10/2022,40790.43
3/11/2022,38735.25
3/12/2022,39104.01
3/13/2022,39197.34
3/14/2022,38155.22
3/15/2022,38767.92
3/16/2022,39138.48
3/17/2022,41036.55
3/18/2022,40554.35
3/19/2022,41817.93
3/20/2022,41972.83
3/21/2022,40848.846
3/22/2022,42256.02
3/23/2022,42088.88
3/24/2022,42743.53
3/25/2022,43950
3/26/2022,44420.29
3/27/2022,44709
3/28/2022,47016
3/29/2022,47359.81
3/30/2022,47449.05
3/31/2022,47110.99
4/1/2022,44606.6
4/2/2022,46616.1
4/3/2022,45965.11
4/4/2022,46021.29
4/5/2022,46660.31
4/6/2022,45210
4/7/2022,43290.13
4/8/2022,43607.6797
4/9/2022,42396.44
4/10/2022,42793.27
4/11/2022,42120.99
4/12/2022,39749.96
4/13/2022,40068.98
4/14/2022,41323.97
4/15/2022,40195.82
4/16/2022,40446.61
4/17/2022,40235.06
4/18/2022,39821.8
4/19/2022,40701.58
4/20/2022,41407.08
4/21/2022,41708.59
4/22/2022,40506.99
4/23/2022,39492
4/24/2022,39789.07
4/25/2022,39263.31
4/26/2022,40550
4/27/2022,38350.07
4/28/2022,39356.18
4/29/2022,39524.71
4/30/2022,38662.04
5/1/2022,38057.16
5/2/2022,38677.09
5/3/2022,38502.37
5/4/2022,38000.24
5/5/2022,39725.33
5/6/2022,36443.49
5/7/2022,35800.93
5/8/2022,34461.9
5/9/2022,33556.09
5/10/2022,30638.98
5/11/2022,31196.22
5/12/2022,28429
5/13/2022,30502.18
5/14/2022,29513.47
5/15/2022,29685.11
5/16/2022,30290.91
5/17/2022,30320.09
5/18/2022,29795.99
5/19/2022,29162.31
5/20/2022,30135.34
5/21/2022,29222.24
5/22/2022,29322.79
5/23/2022,30133.27
5/24/2022,29275.11
5/25/2022,30174.02
5/26/2022,29827.171
5/27/2022,28982.3
5/28/2022,28788.46
5/29/2022,28957.09
5/30/2022,30368.664
5/31/2022,31768
6/1/2022,31615
6/2/2022,29775
6/3/2022,30504.07
6/4/2022,29528.87
6/5/2022,29747.19
6/6/2022,31285
6/7/2022,29573.977
6/8/2022,30034
6/9/2022,30276.25
6/10/2022,30093.96
6/11/2022,29251.58
6/12/2022,27591
6/13/2022,25548.655
6/14/2022,22096.67
6/15/2022,21414.38
6/16/2022,22183.92
6/17/2022,20352.35
6/18/2022,20426.83
6/19/2022,18281.9
6/20/2022,19953.89
6/21/2022,20590.24
6/22/2022,20290.41
6/23/2022,20195.78
6/24/2022,21056.11
6/25/2022,21286.88
6/26/2022,21412.65
6/27/2022,21164.46
6/28/2022,20717.35
6/29/2022,20256.26
6/30/2022,20050.2
7/1/2022,19719.266
7/2/2022,19104.38
7/3/2022,19240.7
7/4/2022,19081.1
7/5/2022,20288.73
7/6/2022,19930.52
7/7/2022,20474
7/8/2022,22111
7/9/2022,21603
7/10/2022,21286.06
7/11/2022,20517.6
7/12/2022,19917
7/13/2022,19451.85
7/14/2022,20206.48
7/15/2022,20599.22
7/16/2022,20734
7/17/2022,21318.15
7/18/2022,21275.35
7/19/2022,21899.45
7/20/2022,23441.25
7/21/2022,22775
7/22/2022,22910.51
7/23/2022,22815.36
7/24/2022,22335.93
7/25/2022,21869
7/26/2022,21139
7/27/2022,21076.42
7/28/2022,23136.6
7/29/2022,23920
7/30/2022,23814.4
7/31/2022,23750.53
8/1/2022,23385.25
8/2/2022,22855
8/3/2022,22870.42
8/4/2022,23100.67
8/5/2022,23175.34
8/6/2022,23174.65
8/7/2022,22988.3039
8/8/2022,23306.0747
8/9/2022,23836.19
8/10/2022,22869.19
8/11/2022,24344.5
8/12/2022,24026.28
8/13/2022,24811.21
8/14/2022,24580.39
8/15/2022,24870.43
8/16/2022,24089.89
8/17/2022,24009.65
8/18/2022,23438.26
8/19/2022,22764.69
8/20/2022,21145
8/21/2022,21209.07
8/22/2022,21412.93
8/23/2022,21237.15
8/24/2022,21263.11
8/25/2022,21466.8
8/26/2022,21551.44
8/27/2022,20200.7
8/28/2022,20002
8/29/2022,19866.21
8/30/2022,20272.99
8/31/2022,20401.93
9/1/2022,20021.37
9/2/2022,20155.38
9/3/2022,19899.98
9/4/2022,19769
9/5/2022,19885.56
9/6/2022,19787.42
9/7/2022,18747.08
9/8/2022,19216.32
9/9/2022,19951.24
9/10/2022,21320.9
9/11/2022,21550.45
9/12/2022,21663.69
9/13/2022,22236.8
9/14/2022,20324.84
9/15/2022,20030
9/16/2022,19745.46
9/17/2022,19886.25
9/18/2022,20001.74
9/19/2022,18773.01
9/20/2022,19379.1592
9/21/2022,19034
9/22/2022,18693.98
9/23/2022,19393.51
9/24/2022,19122.82
9/25/2022,19053.69
9/26/2022,18883.5518
9/27/2022,20096.76
9/28/2022,18744.26
9/29/2022,19515
9/30/2022,19404.9598
10/1/2022,19417.54
10/2/2022,19314
10/3/2022,19170.04
10/4/2022,19604.39
10/5/2022,20194.7655
10/6/2022,20360.8935
10/7/2022,19985.93
10/8/2022,19505.17
10/9/2022,19367.58
10/10/2022,19450
10/11/2022,19040.48
10/12/2022,19047.98
10/13/2022,19087.14
10/14/2022,19816.46
10/15/2022,19205.19
10/16/2022,19121
10/17/2022,19195
10/18/2022,19549.92
10/19/2022,19283.75
10/20/2022,19041.08
10/21/2022,19050.1
10/22/2022,19151.24
10/23/2022,19200.76
10/24/2022,19392.56
10/25/2022,19343.7
10/26/2022,20257.4
10/27/2022,20760.41
10/28/2022,20295.16
10/29/2022,20774
10/30/2022,20782.54
10/31/2022,20521.06
11/1/2022,20478.98
11/2/2022,20517.67
11/3/2022,20307.37
11/4/2022,20320.76
11/5/2022,21448.42
11/6/2022,21235.85
11/7/2022,20913.51
11/8/2022,20143.05
11/9/2022,18348
11/10/2022,16484
11/11/2022,16988.6
11/12/2022,16872.56
11/13/2022,16886.61
11/14/2022,16108.51
11/15/2022,16801.49
11/16/2022,16954.47
11/17/2022,16511.08
11/18/2022,16866.3
11/19/2022,16607.5
11/20/2022,16658.71
11/21/2022,16060
11/22/2022,15829
11/23/2022,16563.22
11/24/2022,16700.55
11/25/2022,16474.04
11/26/2022,16615.12
11/27/2022,16520
11/28/2022,16170.3
11/29/2022,16277.8
11/30/2022,16837.7
12/1/2022,17152.07
12/2/2022,16906
12/3/2022,17023.16
12/4/2022,16962.71
12/5/2022,17201.35
12/6/2022,17003.57
12/7/2022,17025.47
12/8/2022,16831.45
12/9/2022,17203.9
12/10/2022,17146.04
12/11/2022,17155.1
12/12/2022,16936
12/13/2022,17153.52
12/14/2022,17790
12/15/2022,17729.75
12/16/2022,17427.6
12/17/2022,16680.65
12/18/2022,16743.13
12/19/2022,16689.15
12/20/2022,16731.73
12/21/2022,16838.92
12/22/2022,16853.92
12/23/2022,16827.81
12/24/2022,16844.8
12/25/2022,16831.21
12/26/2022,16894.03
12/27/2022,16894
12/28/2022,16644.8
12/29/2022,16548.5
12/30/2022,16593.2
12/31/2022,16543.9
1/1/2023,16522.6
1/2/2023,16657.7
1/3/2023,16686.7
1/4/2023,16855.37
1/5/2023,16824.37
1/6/2023,16832.7
1/7/2023,16952.1
1/8/2023,16941.3
1/9/2023,17198.3
1/10/2023,17204.9
1/11/2023,17416
1/12/2023,18222.68
1/13/2023,18877
1/14/2023,20959.9
1/15/2023,20728.2
1/16/2023,21085.5
1/17/2023,21124.82
1/18/2023,21260.68
1/19/2023,20745.29
1/20/2023,21092.31
1/21/2023,22550.55
1/22/2023,22761.69
1/23/2023,22667.14
1/24/2023,23087.13
1/25/2023,22648.11
1/26/2023,23138.08
1/27/2023,22777.92
1/28/2023,23122.25
1/29/2023,23200.49
1/30/2023,23678
1/31/2023,22832.39
2/1/2023,23131.59
2/2/2023,23855.48
2/3/2023,23537.76
2/4/2023,23344.74
2/5/2023,23350.3
2/6/2023,22902.06
2/7/2023,22879.21
2/8/2023,23258.32
2/9/2023,22516
2/10/2023,21831.05
2/11/2023,21680.23
2/12/2023,21784.52
2/13/2023,21813.05
2/14/2023,21714.64
2/15/2023,22106.87
2/16/2023,24716
2/17/2023,23845
2/18/2023,24615
2/19/2023,24685.88
2/20/2023,24423.17
2/21/2023,24928.06
2/22/2023,24205.87
2/23/2023,24455.19
2/24/2023,23959.17
2/25/2023,23078.12
2/26/2023,23235
2/27/2023,23556
2/28/2023,23465.51
3/1/2023,23442
3/2/2023,23500
3/3/2023,22325.91
3/4/2023,22349.98
3/5/2023,22389.75
3/6/2023,22388
3/7/2023,22460.65
3/8/2023,22146.7
3/9/2023,21767.88
3/10/2023,20052.54
3/11/2023,20498
3/12/2023,20435
3/13/2023,22324.83
3/14/2023,24518.1
3/15/2023,24831.97
3/16/2023,24321
3/17/2023,25849.55
3/18/2023,27272
3/19/2023,27203
3/20/2023,27359.05
3/21/2023,27885.18
3/22/2023,28249.98
3/23/2023,27433.54
3/24/2023,28269.26
3/25/2023,27616.6
3/26/2023,27538
3/27/2023,27915.11
3/28/2023,26968.2
3/29/2023,27382.2
3/30/2023,28490.9
3/31/2023,28184.3
4/1/2023,28549.2
4/2/2023,28470.5
4/3/2023,27757.1
4/4/2023,27860.8
4/5/2023,28546
4/6/2023,28137.8
4/7/2023,28052
4/8/2023,28040.3
4/9/2023,28045.4
4/10/2023,28293.6
4/11/2023,30136.5
4/12/2023,29950.2
4/13/2023,30118.5
4/14/2023,30725.1
4/15/2023,30402.9
4/16/2023,30254.1
4/17/2023,29990.6
4/18/2023,29480.1
4/19/2023,30226.07
4/20/2023,28874
4/21/2023,28323.5
4/22/2023,27320.07
4/23/2023,27573
4/24/2023,27791.17
4/25/2023,27347.69
4/26/2023,28314
4/27/2023,28897.49
4/28/2023,29433.72
4/29/2023,29369.65
4/30/2023,29197.94
5/1/2023,28589
5/2/2023,28043.64
5/3/2023,28532.82
5/4/2023,29109.53
5/5/2023,29210.5
5/6/2023,29389.21
5/7/2023,28854.5
5/8/2023,28244
5/9/2023,27647.08
5/10/2023,27698.02
5/11/2023,27463.77
5/12/2023,26623
5/13/2023,26821.56
5/14/2023,26879.33
5/15/2023,27244.85
5/16/2023,27131.3
5/17/2023,27101
5/18/2023,27366.09
5/19/2023,26871
5/20/2023,26873.78
5/21/2023,27195
5/22/2023,26665
5/23/2023,27403
5/24/2023,26804
5/25/2023,26192
5/26/2023,26438.89
5/27/2023,26761.57
5/28/2023,27211
5/29/2023,27964.69
5/30/2023,27842.19
5/31/2023,27661.33
6/1/2023,26783.47
6/2/2023,27001.01
6/3/2023,27149
6/4/2023,27067.32
6/5/2023,26852.67
6/6/2023,25742
6/7/2023,26910.06
6/8/2023,26348.06
6/9/2023,26507
6/10/2023,26325
6/11/2023,25742.79
6/12/2023,25797.82
6/13/2023,26058.7
6/14/2023,26001
6/15/2023,25050.13
6/16/2023,25532.29
6/17/2023,26247.38
6/18/2023,26532.92
6/19/2023,26393.69
6/20/2023,26889.08
6/21/2023,28706.44
6/22/2023,30318
6/23/2023,30039
6/24/2023,30728
6/25/2023,30763.09
6/26/2023,30316
6/27/2023,30375.82
6/28/2023,30455.92
6/29/2023,30163.8
6/30/2023,30738.65
7/1/2023,30390.5
7/2/2023,30509.65
7/3/2023,30757
7/4/2023,31201.68
7/5/2023,30872.11
7/6/2023,30503.8
7/7/2023,30143.7
7/8/2023,30300
7/9/2023,30302.3
7/10/2023,30168.6
7/11/2023,30479.34
7/12/2023,30593.76
7/13/2023,30297.4
7/14/2023,31469.11
7/15/2023,30300
7/16/2023,30200.82
7/17/2023,30317.93
7/18/2023,30078.9
7/19/2023,30080.1
7/20/2023,29949.7
7/21/2023,29902.1
7/22/2023,29919.2
7/23/2023,29849.85
7/24/2023,29701.1
7/25/2023,29109
7/26/2023,29240.1
7/27/2023,29403.57
7/28/2023,29245
7/29/2023,29373.8
7/30/2023,29315.1
7/31/2023,29423.95
8/1/2023,28826.54
8/2/2023,29615.7
8/3/2023,29136.6
8/4/2023,29142.35
8/5/2023,29045.3
8/6/2023,29030
8/7/2023,29107.97
8/8/2023,29158.2
8/9/2023,29702.5
8/10/2023,29552.3
8/11/2023,29372
8/12/2023,29368.5
8/13/2023,29399.1
8/14/2023,29363.26
8/15/2023,29356.5
8/16/2023,29188.24
8/17/2023,28624.47
8/18/2023,26397.82
8/19/2023,25948.4
8/20/2023,26111.2
8/21/2023,26077
8/22/2023,26031
8/23/2023,25982.5
8/24/2023,26430
8/25/2023,26081.3
8/26/2023,26064.2
8/27/2023,26008.5
8/28/2023,25998.47
8/29/2023,26072.2
8/30/2023,27394.9
8/31/2023,27210.02
9/1/2023,26070.59
9/2/2023,25787.9
9/3/2023,25860.3
9/4/2023,26000.4
9/5/2023,25673.3
9/6/2023,25767.99
9/7/2023,25800
9/8/2023,26246.28
9/9/2023,25873.3
9/10/2023,25853.34
9/11/2023,25735.1
9/12/2023,25787.2
9/13/2023,25873.8
9/14/2023,26273.5
9/15/2023,26630.1
9/16/2023,26638.5
9/17/2023,26531.7
9/18/2023,26665.41
9/19/2023,26827.54
9/20/2023,27122.51
9/21/2023,27057
9/22/2023,26619
9/23/2023,26543.1
9/24/2023,26574.6
9/25/2023,26156
9/26/2023,26374
9/27/2023,26264.3
9/28/2023,26395
9/29/2023,26961.6
9/30/2023,26914.4
10/1/2023,27051.23
10/2/2023,28162
10/3/2023,27601
10/4/2023,27431.14
10/5/2023,27665.2
10/6/2023,27569.06
10/7/2023,27923.7
10/8/2023,28084.2
10/9/2023,27950
10/10/2023,27633.2
10/11/2023,27027
10/12/2023,26838.33
10/13/2023,26773.95
10/14/2023,26934.8
10/15/2023,26886.7
10/16/2023,27240
10/17/2023,28282.5
10/18/2023,28532
10/19/2023,28263.26
10/20/2023,29247.9
10/21/2023,29613
10/22/2023,29917.5
10/23/2023,30745.61
10/24/2023,34050.1
10/25/2023,34006.79
10/26/2023,34809.99
10/27/2023,34121.61
10/28/2023,34066.2
10/29/2023,33978.01
10/30/2023,34279.02
10/31/2023,34242.6
11/1/2023,34454
11/2/2023,35600.1
11/3/2023,34692
11/4/2023,34725
11/5/2023,35269.6
11/6/2023,34996.1
11/7/2023,34932.2
11/8/2023,35285.9
11/9/2023,36456.94
11/10/2023,36744.01
11/11/2023,37072.1
11/12/2023,36982.3
11/13/2023,36948.29
11/14/2023,36478.4
11/15/2023,35392.53
11/16/2023,37473.35
11/17/2023,36492.9
11/18/2023,36384
11/19/2023,36544.1
11/20/2023,37135
11/21/2023,37504.8
11/22/2023,36387.88
11/23/2023,37332.8
11/24/2023,37326.58
11/25/2023,37820.9
11/26/2023,37721
11/27/2023,37318.64
11/28/2023,37138.3
11/29/2023,37967.97
11/30/2023,38056.75
12/1/2023,38056.17
12/2/2023,38798
12/3/2023,39390.7
12/4/2023,40654
12/5/2023,41822.4
12/6/2023,43741
12/7/2023,43936.13
12/8/2023,43376.8
12/9/2023,44163.2
12/10/2023,43850.57
12/11/2023,42312.54
12/12/2023,41724.8
12/13/2023,40863
12/14/2023,42721.4
12/15/2023,42800.41
12/16/2023,42329.8
12/17/2023,41880.71
12/18/2023,41065.35
12/19/2023,43058.3
12/20/2023,42402.6
12/21/2023,43669.1
12/22/2023,44022.3
12/23/2023,43556.1
12/24/2023,43856.5
12/25/2023,43166.61
12/26/2023,43457.9
12/27/2023,42242.35
12/28/2023,43448.05
12/29/2023,42720.2
12/30/2023,41979.2
12/31/2023,42162.29
1/1/2024,42325.1
1/2/2024,45476.27
1/3/2024,45289.08
1/4/2024,43144.1
1/5/2024,43509.15
1/6/2024,43973.32
1/7/2024,43971.1
1/8/2024,43542.92
1/9/2024,46967.4
1/10/2024,46130.57
1/11/2024,46513.67
1/12/2024,46000.87
1/13/2024,42600.49
1/14/2024,42670.2
1/15/2024,42552.73
1/16/2024,42884.73
1/17/2024,42832.69
1/18/2024,42543.28
1/19/2024,41002.91
1/20/2024,41603
1/21/2024,41765
1/22/2024,41255
1/23/2024,39971.83
1/24/2024,39569.9
1/25/2024,40010
1/26/2024,40071.5
1/27/2024,41824.6
1/28/2024,42222
1/29/2024,42359.3
1/30/2024,43505
1/31/2024,42936.5
2/1/2024,42011
2/2/2024,43052
2/3/2024,43168.3
2/4/2024,43034
2/5/2024,42678.84
2/6/2024,42800.34
2/7/2024,42774.75
2/8/2024,44537.77
2/9/2024,46055.29
2/10/2024,47409.1
2/11/2024,48542.39
2/12/2024,48168.7
2/13/2024,49819.25
2/14/2024,50772.74
2/15/2024,52024.1
2/16/2024,51860.19
2/17/2024,51755.6
2/18/2024,51806.4
2/19/2024,52130.4
2/20/2024,51770.69
2/21/2024,51659.9
2/22/2024,51900
2/23/2024,50953.5
2/24/2024,50966
2/25/2024,51626.7
2/26/2024,51300.1
2/27/2024,56276.59
2/28/2024,59477.4
2/29/2024,62811.98
3/1/2024,61956
3/2/2024,62007.4
3/3/2024,61634.4
3/4/2024,65266.8
3/5/2024,66860.7
3/6/2024,66940.03
3/7/2024,66700.2
3/8/2024,67349
3/9/2024,68500.1
3/10/2024,69502.4
3/11/2024,71032.14
3/12/2024,72153.1
3/13/2024,72916.99
3/14/2024,73250.1
3/15/2024,68463.1
3/16/2024,69383.1
3/17/2024,65574.2
3/18/2024,68192.3
3/19/2024,64656.7
3/20/2024,62937.22
3/21/2024,67032.3
3/22/2024,66188.4
3/23/2024,64579.8
3/24/2024,64549.8
3/25/2024,66854.2
3/26/2024,70535.4
3/27/2024,69727.6
3/28/2024,70386.48
3/29/2024,69800.1
3/30/2024,69929.6
3/31/2024,70300
4/1/2024,69612.6
4/2/2024,66502.47
4/3/2024,66187.63
4/4/2024,66061
4/5/2024,66908
4/6/2024,68029.03
4/7/2024,69353
4/8/2024,70706.28
4/9/2024,70416.69
4/10/2024,69316.2
4/11/2024,70744.01
4/12/2024,70776.76
4/13/2024,67463.15
4/14/2024,64496.17
4/15/2024,66337.33
4/16/2024,63543.11
4/17/2024,63301.88
4/18/2024,61197
4/19/2024,64577.77
4/20/2024,63987.85
4/21/2024,65176.75
4/22/2024,66016.4
4/23/2024,66135
4/24/2024,66673.5
4/25/2024,64008
4/26/2024,64279.9
4/27/2024,62934.23
4/28/2024,63881
4/29/2024,62396.4
4/30/2024,63143.56
5/1/2024,57435.59
5/2/2024,57632.1
5/3/2024,59183
